ID,Specialty,Subcategory,Topic,Subtopic,Search_Term_1,Search_Term_2,Search_Term_3,Search_Term_4,Image_Types,AMC_Relevance,Priority,Folder_Path
1,Cardiology,Ischemic Heart Disease,Acute Coronary Syndrome,Stemi Anterior,anterior ST elevation myocardial infarction ECG,anterior STEMI electrocardiogram,LAD occlusion ECG,anterior wall MI ECG,"ECG, chest_xray",5,HIGH,cardiology/ischemic_heart_disease/acute_coronary_syndrome/stemi_anterior
2,Cardiology,Ischemic Heart Disease,Acute Coronary Syndrome,Stemi Inferior,inferior ST elevation myocardial infarction ECG,inferior STEMI electrocardiogram,RCA occlusion ECG,inferior wall MI ECG,ECG,5,HIGH,cardiology/ischemic_heart_disease/acute_coronary_syndrome/stemi_inferior
3,Cardiology,Ischemic Heart Disease,Acute Coronary Syndrome,Stemi Lateral,lateral ST elevation myocardial infarction ECG,lateral STEMI electrocardiogram,circumflex occlusion ECG,lateral wall MI ECG,ECG,5,HIGH,cardiology/ischemic_heart_disease/acute_coronary_syndrome/stemi_lateral
4,Cardiology,Ischemic Heart Disease,Acute Coronary Syndrome,Stemi Posterior,posterior ST elevation myocardial infarction ECG,posterior STEMI electrocardiogram,posterior wall MI ECG,ST depression V1-V3,ECG,4,HIGH,cardiology/ischemic_heart_disease/acute_coronary_syndrome/stemi_posterior
5,Cardiology,Ischemic Heart Disease,Acute Coronary Syndrome,Stemi Right Ventricular,right ventricular STEMI ECG,RV infarction ECG,V4R ST elevation,right sided MI ECG,ECG,4,HIGH,cardiology/ischemic_heart_disease/acute_coronary_syndrome/stemi_right_ventricular
6,Cardiology,Ischemic Heart Disease,Acute Coronary Syndrome,Nstemi,non ST elevation myocardial infarction ECG,NSTEMI electrocardiogram,troponin positive MI,dynamic ST changes,ECG,5,HIGH,cardiology/ischemic_heart_disease/acute_coronary_syndrome/nstemi
7,Cardiology,Ischemic Heart Disease,Acute Coronary Syndrome,Unstable Angina,unstable angina ECG,crescendo angina electrocardiogram,rest angina ECG,dynamic ischemia ECG,ECG,4,HIGH,cardiology/ischemic_heart_disease/acute_coronary_syndrome/unstable_angina
8,Cardiology,Ischemic Heart Disease,Chronic Ischemia,Stable Angina,stable angina ECG,exertional angina electrocardiogram,exercise induced ischemia,chronic stable angina,"ECG, stress_test",5,HIGH,cardiology/ischemic_heart_disease/chronic_ischemia/stable_angina
9,Cardiology,Ischemic Heart Disease,Chronic Ischemia,Silent Ischemia,silent ischemia ECG,asymptomatic ischemia,painless MI ECG,,ECG,3,HIGH,cardiology/ischemic_heart_disease/chronic_ischemia/silent_ischemia
10,Cardiology,Ischemic Heart Disease,Chronic Ischemia,Ischemic Cardiomyopathy,ischemic cardiomyopathy echocardiogram,post MI heart failure,ischemic CMP imaging,,"echocardiogram, MRI",3,HIGH,cardiology/ischemic_heart_disease/chronic_ischemia/ischemic_cardiomyopathy
11,Cardiology,Arrhythmias,Atrial Arrhythmias,Atrial Fibrillation Coarse,coarse atrial fibrillation ECG,coarse afib electrocardiogram,atrial fibrillation irregular rhythm,,ECG,5,HIGH,cardiology/arrhythmias/atrial_arrhythmias/atrial_fibrillation_coarse
12,Cardiology,Arrhythmias,Atrial Arrhythmias,Atrial Fibrillation Fine,fine atrial fibrillation ECG,fine afib electrocardiogram,minimal f waves afib,,ECG,5,HIGH,cardiology/arrhythmias/atrial_arrhythmias/atrial_fibrillation_fine
13,Cardiology,Arrhythmias,Atrial Arrhythmias,Atrial Fibrillation Rvr,atrial fibrillation rapid ventricular response,afib with RVR ECG,fast afib electrocardiogram,uncontrolled atrial fibrillation,ECG,5,HIGH,cardiology/arrhythmias/atrial_arrhythmias/atrial_fibrillation_rvr
14,Cardiology,Arrhythmias,Atrial Arrhythmias,Atrial Fibrillation Controlled,controlled atrial fibrillation ECG,rate controlled afib,slow afib electrocardiogram,,ECG,4,HIGH,cardiology/arrhythmias/atrial_arrhythmias/atrial_fibrillation_controlled
15,Cardiology,Arrhythmias,Atrial Arrhythmias,Atrial Flutter Typical,typical atrial flutter ECG,sawtooth flutter waves,atrial flutter 2:1 block,counterclockwise flutter,ECG,5,HIGH,cardiology/arrhythmias/atrial_arrhythmias/atrial_flutter_typical
16,Cardiology,Arrhythmias,Atrial Arrhythmias,Atrial Flutter Atypical,atypical atrial flutter ECG,clockwise flutter,variable flutter waves,,ECG,3,HIGH,cardiology/arrhythmias/atrial_arrhythmias/atrial_flutter_atypical
17,Cardiology,Arrhythmias,Atrial Arrhythmias,Atrial Flutter Variable Block,atrial flutter variable block ECG,flutter with variable conduction,3:1 4:1 flutter,,ECG,4,HIGH,cardiology/arrhythmias/atrial_arrhythmias/atrial_flutter_variable_block
18,Cardiology,Arrhythmias,Atrial Arrhythmias,Multifocal Atrial Tachycardia,multifocal atrial tachycardia ECG,MAT electrocardiogram,irregular tachycardia multiple P waves,,ECG,3,HIGH,cardiology/arrhythmias/atrial_arrhythmias/multifocal_atrial_tachycardia
19,Cardiology,Arrhythmias,Atrial Arrhythmias,Premature Atrial Contractions,premature atrial contractions ECG,PACs electrocardiogram,atrial ectopics,,ECG,3,HIGH,cardiology/arrhythmias/atrial_arrhythmias/premature_atrial_contractions
20,Cardiology,Arrhythmias,Ventricular Arrhythmias,Ventricular Tachycardia Monomorphic,monomorphic ventricular tachycardia ECG,VT monomorphic electrocardiogram,wide complex tachycardia regular,,ECG,5,HIGH,cardiology/arrhythmias/ventricular_arrhythmias/ventricular_tachycardia_monomorphic
21,Cardiology,Arrhythmias,Ventricular Arrhythmias,Ventricular Tachycardia Polymorphic,polymorphic ventricular tachycardia ECG,VT polymorphic electrocardiogram,irregular wide complex tachycardia,,ECG,4,HIGH,cardiology/arrhythmias/ventricular_arrhythmias/ventricular_tachycardia_polymorphic
22,Cardiology,Arrhythmias,Ventricular Arrhythmias,Torsades De Pointes,torsades de pointes ECG,twisting of the points,polymorphic VT long QT,TdP electrocardiogram,ECG,5,HIGH,cardiology/arrhythmias/ventricular_arrhythmias/torsades_de_pointes
23,Cardiology,Arrhythmias,Ventricular Arrhythmias,Ventricular Tachycardia Sustained,sustained ventricular tachycardia ECG,sustained VT electrocardiogram,VT greater than 30 seconds,,ECG,5,HIGH,cardiology/arrhythmias/ventricular_arrhythmias/ventricular_tachycardia_sustained
24,Cardiology,Arrhythmias,Ventricular Arrhythmias,Ventricular Fibrillation,ventricular fibrillation ECG,VF electrocardiogram,cardiac arrest rhythm,chaotic ventricular rhythm,ECG,5,HIGH,cardiology/arrhythmias/ventricular_arrhythmias/ventricular_fibrillation
25,Cardiology,Arrhythmias,Ventricular Arrhythmias,Premature Ventricular Contractions Unifocal,unifocal premature ventricular contractions,unifocal PVCs ECG,single morphology ventricular ectopics,,ECG,4,HIGH,cardiology/arrhythmias/ventricular_arrhythmias/premature_ventricular_contractions_unifocal
26,Cardiology,Arrhythmias,Ventricular Arrhythmias,Premature Ventricular Contractions Multifocal,multifocal premature ventricular contractions,multifocal PVCs ECG,multiple morphology ventricular ectopics,,ECG,3,HIGH,cardiology/arrhythmias/ventricular_arrhythmias/premature_ventricular_contractions_multifocal
27,Cardiology,Arrhythmias,Ventricular Arrhythmias,Bigeminy Trigeminy,ventricular bigeminy ECG,ventricular trigeminy ECG,PVC bigeminy trigeminy pattern,,ECG,3,HIGH,cardiology/arrhythmias/ventricular_arrhythmias/bigeminy_trigeminy
28,Cardiology,Arrhythmias,Ventricular Arrhythmias,Long Qt Syndrome,long QT syndrome ECG,prolonged QT interval,LQTS electrocardiogram,corrected QT prolongation,ECG,4,HIGH,cardiology/arrhythmias/ventricular_arrhythmias/long_qt_syndrome
29,Cardiology,Arrhythmias,Ventricular Arrhythmias,Brugada Syndrome,brugada syndrome ECG,ST elevation V1-V3,type 1 brugada pattern,coved ST elevation,ECG,4,HIGH,cardiology/arrhythmias/ventricular_arrhythmias/brugada_syndrome
30,Cardiology,Arrhythmias,Supraventricular Tachycardia,Avnrt,AVNRT ECG,AV nodal reentrant tachycardia,supraventricular tachycardia AVNRT,narrow complex regular tachycardia,ECG,4,HIGH,cardiology/arrhythmias/supraventricular_tachycardia/avnrt
31,Cardiology,Arrhythmias,Supraventricular Tachycardia,Avrt,AVRT ECG,AV reentrant tachycardia,accessory pathway tachycardia,orthodromic AVRT,ECG,4,HIGH,cardiology/arrhythmias/supraventricular_tachycardia/avrt
32,Cardiology,Arrhythmias,Supraventricular Tachycardia,Atrial Tachycardia,atrial tachycardia ECG,focal atrial tachycardia,ectopic atrial tachycardia,,ECG,3,HIGH,cardiology/arrhythmias/supraventricular_tachycardia/atrial_tachycardia
33,Cardiology,Arrhythmias,Supraventricular Tachycardia,Wpw Syndrome,Wolff Parkinson White syndrome ECG,WPW delta wave,pre-excitation syndrome,accessory pathway ECG,ECG,4,HIGH,cardiology/arrhythmias/supraventricular_tachycardia/wpw_syndrome
34,Cardiology,Arrhythmias,Bradyarrhythmias,Sinus Bradycardia,sinus bradycardia ECG,slow heart rate ECG,bradycardia sinus rhythm,,ECG,4,HIGH,cardiology/arrhythmias/bradyarrhythmias/sinus_bradycardia
35,Cardiology,Arrhythmias,Bradyarrhythmias,Junctional Rhythm,junctional rhythm ECG,junctional escape rhythm,AV junction rhythm,,ECG,3,HIGH,cardiology/arrhythmias/bradyarrhythmias/junctional_rhythm
36,Cardiology,Arrhythmias,Bradyarrhythmias,Escape Rhythms,escape rhythm ECG,ventricular escape rhythm,idioventricular rhythm,,ECG,3,HIGH,cardiology/arrhythmias/bradyarrhythmias/escape_rhythms
37,Cardiology,Arrhythmias,Bradyarrhythmias,Sick Sinus Syndrome,sick sinus syndrome ECG,sinus node dysfunction,tachy-brady syndrome,chronotropic incompetence,ECG,4,HIGH,cardiology/arrhythmias/bradyarrhythmias/sick_sinus_syndrome
38,Cardiology,Conduction Blocks,Av Blocks,First Degree Av Block,first degree AV block ECG,prolonged PR interval,1st degree heart block,AV block type 1,ECG,4,HIGH,cardiology/conduction_blocks/av_blocks/first_degree_av_block
39,Cardiology,Conduction Blocks,Av Blocks,Second Degree Av Block Mobitz 1,Mobitz type 1 second degree AV block,Wenckebach phenomenon ECG,progressive PR prolongation,Mobitz I AV block,ECG,4,HIGH,cardiology/conduction_blocks/av_blocks/second_degree_av_block_mobitz_1
40,Cardiology,Conduction Blocks,Av Blocks,Second Degree Av Block Mobitz 2,Mobitz type 2 second degree AV block,Mobitz II AV block ECG,intermittent dropped beats,fixed PR interval dropped QRS,ECG,4,HIGH,cardiology/conduction_blocks/av_blocks/second_degree_av_block_mobitz_2
41,Cardiology,Conduction Blocks,Av Blocks,Third Degree Av Block,third degree AV block ECG,complete heart block,AV dissociation complete,3rd degree heart block,ECG,5,HIGH,cardiology/conduction_blocks/av_blocks/third_degree_av_block
42,Cardiology,Conduction Blocks,Av Blocks,2 To 1 Av Block,2:1 AV block ECG,two to one heart block,2 to 1 conduction block,,ECG,3,HIGH,cardiology/conduction_blocks/av_blocks/2_to_1_av_block
43,Cardiology,Conduction Blocks,Bundle Branch Blocks,Left Bundle Branch Block,left bundle branch block ECG,LBBB electrocardiogram,broad QRS left bundle,complete LBBB,ECG,5,HIGH,cardiology/conduction_blocks/bundle_branch_blocks/left_bundle_branch_block
44,Cardiology,Conduction Blocks,Bundle Branch Blocks,Right Bundle Branch Block,right bundle branch block ECG,RBBB electrocardiogram,RSR pattern V1,complete RBBB,ECG,5,HIGH,cardiology/conduction_blocks/bundle_branch_blocks/right_bundle_branch_block
45,Cardiology,Conduction Blocks,Bundle Branch Blocks,Incomplete Lbbb,incomplete left bundle branch block,incomplete LBBB ECG,QRS 100-120ms left bundle,,ECG,3,HIGH,cardiology/conduction_blocks/bundle_branch_blocks/incomplete_lbbb
46,Cardiology,Conduction Blocks,Bundle Branch Blocks,Incomplete Rbbb,incomplete right bundle branch block,incomplete RBBB ECG,QRS 100-120ms right bundle,,ECG,3,HIGH,cardiology/conduction_blocks/bundle_branch_blocks/incomplete_rbbb
47,Cardiology,Conduction Blocks,Bundle Branch Blocks,Bifascicular Block,bifascicular block ECG,RBBB with LAFB,RBBB with LPFB,two fascicle block,ECG,4,HIGH,cardiology/conduction_blocks/bundle_branch_blocks/bifascicular_block
48,Cardiology,Conduction Blocks,Bundle Branch Blocks,Trifascicular Block,trifascicular block ECG,bifascicular block with PR prolongation,three fascicle block,,ECG,3,HIGH,cardiology/conduction_blocks/bundle_branch_blocks/trifascicular_block
49,Cardiology,Conduction Blocks,Fascicular Blocks,Left Anterior Fascicular Block,left anterior fascicular block ECG,LAFB electrocardiogram,left axis deviation QRS,anterior hemiblock,ECG,3,HIGH,cardiology/conduction_blocks/fascicular_blocks/left_anterior_fascicular_block
50,Cardiology,Conduction Blocks,Fascicular Blocks,Left Posterior Fascicular Block,left posterior fascicular block ECG,LPFB electrocardiogram,right axis deviation QRS,posterior hemiblock,ECG,2,HIGH,cardiology/conduction_blocks/fascicular_blocks/left_posterior_fascicular_block
51,Cardiology,Valvular Disease,Aortic Valve,Aortic Stenosis,aortic stenosis echocardiogram,aortic valve stenosis imaging,severe AS echo,calcific aortic stenosis,"echocardiogram, chest_xray",5,HIGH,cardiology/valvular_disease/aortic_valve/aortic_stenosis
52,Cardiology,Valvular Disease,Aortic Valve,Aortic Regurgitation,aortic regurgitation echocardiogram,aortic insufficiency imaging,aortic valve incompetence,AR echo,"echocardiogram, chest_xray",4,HIGH,cardiology/valvular_disease/aortic_valve/aortic_regurgitation
53,Cardiology,Valvular Disease,Aortic Valve,Bicuspid Aortic Valve,bicuspid aortic valve echocardiogram,BAV imaging,two cusp aortic valve,,"echocardiogram, CT",3,HIGH,cardiology/valvular_disease/aortic_valve/bicuspid_aortic_valve
54,Cardiology,Valvular Disease,Mitral Valve,Mitral Stenosis,mitral stenosis echocardiogram,mitral valve stenosis imaging,rheumatic MS echo,doming mitral valve,"echocardiogram, chest_xray",5,HIGH,cardiology/valvular_disease/mitral_valve/mitral_stenosis
55,Cardiology,Valvular Disease,Mitral Valve,Mitral Regurgitation,mitral regurgitation echocardiogram,mitral valve regurgitation imaging,MR echo,mitral valve incompetence,"echocardiogram, chest_xray",5,HIGH,cardiology/valvular_disease/mitral_valve/mitral_regurgitation
56,Cardiology,Valvular Disease,Mitral Valve,Mitral Valve Prolapse,mitral valve prolapse echocardiogram,MVP echo,mitral leaflet prolapse,floppy mitral valve,echocardiogram,4,HIGH,cardiology/valvular_disease/mitral_valve/mitral_valve_prolapse
57,Cardiology,Valvular Disease,Mitral Valve,Systolic Anterior Motion,systolic anterior motion echocardiogram,SAM mitral valve,HOCM SAM echo,,echocardiogram,3,HIGH,cardiology/valvular_disease/mitral_valve/systolic_anterior_motion
58,Cardiology,Valvular Disease,Tricuspid Valve,Tricuspid Regurgitation,tricuspid regurgitation echocardiogram,TR echo,tricuspid valve regurgitation,tricuspid incompetence,echocardiogram,3,HIGH,cardiology/valvular_disease/tricuspid_valve/tricuspid_regurgitation
59,Cardiology,Valvular Disease,Tricuspid Valve,Tricuspid Stenosis,tricuspid stenosis echocardiogram,TS echo,tricuspid valve stenosis,,echocardiogram,2,HIGH,cardiology/valvular_disease/tricuspid_valve/tricuspid_stenosis
60,Cardiology,Valvular Disease,Pulmonary Valve,Pulmonary Stenosis,pulmonary stenosis echocardiogram,pulmonary valve stenosis,PS echo,,echocardiogram,2,HIGH,cardiology/valvular_disease/pulmonary_valve/pulmonary_stenosis
61,Cardiology,Valvular Disease,Pulmonary Valve,Pulmonary Regurgitation,pulmonary regurgitation echocardiogram,pulmonary valve regurgitation,PR echo,,echocardiogram,2,HIGH,cardiology/valvular_disease/pulmonary_valve/pulmonary_regurgitation
62,Cardiology,Cardiomyopathy,Dilated Cardiomyopathy,Idiopathic Dcm,idiopathic dilated cardiomyopathy,dilated CMP echocardiogram,DCM imaging,enlarged heart chambers,"echocardiogram, chest_xray, MRI",4,HIGH,cardiology/cardiomyopathy/dilated_cardiomyopathy/idiopathic_dcm
63,Cardiology,Cardiomyopathy,Dilated Cardiomyopathy,Ischemic Dcm,ischemic cardiomyopathy,post MI cardiomyopathy,ischemic DCM echo,,"echocardiogram, MRI",4,HIGH,cardiology/cardiomyopathy/dilated_cardiomyopathy/ischemic_dcm
64,Cardiology,Cardiomyopathy,Dilated Cardiomyopathy,Alcoholic Dcm,alcoholic cardiomyopathy,alcohol related heart failure,alcoholic DCM imaging,,echocardiogram,3,HIGH,cardiology/cardiomyopathy/dilated_cardiomyopathy/alcoholic_dcm
65,Cardiology,Cardiomyopathy,Dilated Cardiomyopathy,Peripartum Dcm,peripartum cardiomyopathy,postpartum heart failure,pregnancy related DCM,,echocardiogram,3,HIGH,cardiology/cardiomyopathy/dilated_cardiomyopathy/peripartum_dcm
66,Cardiology,Cardiomyopathy,Hypertrophic Cardiomyopathy,Hcm Obstructive,hypertrophic obstructive cardiomyopathy,HOCM echocardiogram,asymmetric septal hypertrophy,LVOT obstruction,"echocardiogram, MRI",4,HIGH,cardiology/cardiomyopathy/hypertrophic_cardiomyopathy/hcm_obstructive
67,Cardiology,Cardiomyopathy,Hypertrophic Cardiomyopathy,Hcm Non Obstructive,hypertrophic non-obstructive cardiomyopathy,HCM without obstruction,septal hypertrophy no LVOT obstruction,,"echocardiogram, MRI",3,HIGH,cardiology/cardiomyopathy/hypertrophic_cardiomyopathy/hcm_non_obstructive
68,Cardiology,Cardiomyopathy,Hypertrophic Cardiomyopathy,Apical Hcm,apical hypertrophic cardiomyopathy,apical HCM echo,Yamaguchi syndrome,,"echocardiogram, MRI",2,HIGH,cardiology/cardiomyopathy/hypertrophic_cardiomyopathy/apical_hcm
69,Cardiology,Cardiomyopathy,Restrictive Cardiomyopathy,Amyloid Heart,cardiac amyloidosis,amyloid heart disease,restrictive CMP amyloid,,"echocardiogram, MRI",3,HIGH,cardiology/cardiomyopathy/restrictive_cardiomyopathy/amyloid_heart
70,Cardiology,Cardiomyopathy,Restrictive Cardiomyopathy,Sarcoid Heart,cardiac sarcoidosis,sarcoid heart disease,granulomatous myocarditis,,"MRI, PET",3,HIGH,cardiology/cardiomyopathy/restrictive_cardiomyopathy/sarcoid_heart
71,Cardiology,Cardiomyopathy,Restrictive Cardiomyopathy,Hemochromatosis Heart,cardiac hemochromatosis,iron overload cardiomyopathy,hemochromatosis heart,,MRI,2,HIGH,cardiology/cardiomyopathy/restrictive_cardiomyopathy/hemochromatosis_heart
72,Cardiology,Pericardial Disease,Pericarditis,Acute Pericarditis,acute pericarditis ECG,pericarditis electrocardiogram,diffuse ST elevation pericarditis,PR depression pericarditis,"ECG, chest_xray, echocardiogram",5,HIGH,cardiology/pericardial_disease/pericarditis/acute_pericarditis
73,Cardiology,Pericardial Disease,Pericarditis,Constrictive Pericarditis,constrictive pericarditis imaging,pericardial constriction,calcified pericardium,,"chest_xray, CT, MRI",3,HIGH,cardiology/pericardial_disease/pericarditis/constrictive_pericarditis
74,Cardiology,Pericardial Disease,Pericardial Effusion,Pericardial Effusion Small,small pericardial effusion echocardiogram,pericardial fluid small amount,minor pericardial effusion,,echocardiogram,3,HIGH,cardiology/pericardial_disease/pericardial_effusion/pericardial_effusion_small
75,Cardiology,Pericardial Disease,Pericardial Effusion,Pericardial Effusion Large,large pericardial effusion echocardiogram,massive pericardial fluid,severe pericardial effusion,,"echocardiogram, chest_xray",4,HIGH,cardiology/pericardial_disease/pericardial_effusion/pericardial_effusion_large
76,Cardiology,Pericardial Disease,Pericardial Effusion,Cardiac Tamponade,cardiac tamponade echocardiogram,pericardial tamponade,right atrial collapse tamponade,RV diastolic collapse,echocardiogram,5,HIGH,cardiology/pericardial_disease/pericardial_effusion/cardiac_tamponade
77,Cardiology,Heart Failure,Systolic Heart Failure,Hfref,heart failure reduced ejection fraction,HFrEF echocardiogram,systolic dysfunction,low LVEF heart failure,"echocardiogram, chest_xray",5,HIGH,cardiology/heart_failure/systolic_heart_failure/hfref
78,Cardiology,Heart Failure,Diastolic Heart Failure,Hfpef,heart failure preserved ejection fraction,HFpEF echocardiogram,diastolic dysfunction,preserved LVEF heart failure,echocardiogram,4,HIGH,cardiology/heart_failure/diastolic_heart_failure/hfpef
79,Cardiology,Heart Failure,Pulmonary Edema,Cardiogenic Pulmonary Edema,cardiogenic pulmonary edema chest xray,acute pulmonary edema CHF,pulmonary venous congestion,bat wing pulmonary edema,chest_xray,5,HIGH,cardiology/heart_failure/pulmonary_edema/cardiogenic_pulmonary_edema
80,Cardiology,Hypertrophy Patterns,Ventricular Hypertrophy,Left Ventricular Hypertrophy,left ventricular hypertrophy ECG,LVH electrocardiogram,increased voltage left ventricle,Sokolow Lyon criteria,ECG,5,HIGH,cardiology/hypertrophy_patterns/ventricular_hypertrophy/left_ventricular_hypertrophy
81,Cardiology,Hypertrophy Patterns,Ventricular Hypertrophy,Right Ventricular Hypertrophy,right ventricular hypertrophy ECG,RVH electrocardiogram,increased voltage right ventricle,dominant R wave V1,ECG,4,HIGH,cardiology/hypertrophy_patterns/ventricular_hypertrophy/right_ventricular_hypertrophy
82,Cardiology,Hypertrophy Patterns,Ventricular Hypertrophy,Biventricular Hypertrophy,biventricular hypertrophy ECG,combined ventricular hypertrophy,LVH and RVH together,,ECG,3,HIGH,cardiology/hypertrophy_patterns/ventricular_hypertrophy/biventricular_hypertrophy
83,Cardiology,Hypertrophy Patterns,Atrial Enlargement,Left Atrial Enlargement,left atrial enlargement ECG,LAE electrocardiogram,P mitrale ECG,biphasic P wave V1,"ECG, chest_xray",4,HIGH,cardiology/hypertrophy_patterns/atrial_enlargement/left_atrial_enlargement
84,Cardiology,Hypertrophy Patterns,Atrial Enlargement,Right Atrial Enlargement,right atrial enlargement ECG,RAE electrocardiogram,P pulmonale ECG,tall P wave lead II,ECG,3,HIGH,cardiology/hypertrophy_patterns/atrial_enlargement/right_atrial_enlargement
85,Cardiology,Electrolyte Abnormalities,Potassium Abnormalities,Hyperkalemia,hyperkalemia ECG,high potassium electrocardiogram,peaked T waves,sine wave pattern,ECG,5,HIGH,cardiology/electrolyte_abnormalities/potassium_abnormalities/hyperkalemia
86,Cardiology,Electrolyte Abnormalities,Potassium Abnormalities,Hypokalemia,hypokalemia ECG,low potassium electrocardiogram,U waves hypokalemia,prolonged QT hypokalemia,ECG,5,HIGH,cardiology/electrolyte_abnormalities/potassium_abnormalities/hypokalemia
87,Cardiology,Electrolyte Abnormalities,Calcium Abnormalities,Hypercalcemia,hypercalcemia ECG,high calcium electrocardiogram,short QT interval,,ECG,3,HIGH,cardiology/electrolyte_abnormalities/calcium_abnormalities/hypercalcemia
88,Cardiology,Electrolyte Abnormalities,Calcium Abnormalities,Hypocalcemia,hypocalcemia ECG,low calcium electrocardiogram,prolonged QT hypocalcemia,,ECG,3,HIGH,cardiology/electrolyte_abnormalities/calcium_abnormalities/hypocalcemia
89,Cardiology,Congenital Heart Disease,Septal Defects,Atrial Septal Defect,atrial septal defect echocardiogram,ASD imaging,secundum ASD,primum ASD,"echocardiogram, chest_xray",3,HIGH,cardiology/congenital_heart_disease/septal_defects/atrial_septal_defect
90,Cardiology,Congenital Heart Disease,Septal Defects,Ventricular Septal Defect,ventricular septal defect echocardiogram,VSD imaging,perimembranous VSD,muscular VSD,"echocardiogram, chest_xray",3,HIGH,cardiology/congenital_heart_disease/septal_defects/ventricular_septal_defect
91,Cardiology,Congenital Heart Disease,Patent Ductus Arteriosus,Pda,patent ductus arteriosus echocardiogram,PDA imaging,persistent ductus arteriosus,,"echocardiogram, chest_xray",3,HIGH,cardiology/congenital_heart_disease/patent_ductus_arteriosus/pda
92,Cardiology,Congenital Heart Disease,Coarctation Aorta,Coarctation,coarctation of aorta imaging,aortic coarctation CT,rib notching coarctation,,"chest_xray, CT, MRI",3,HIGH,cardiology/congenital_heart_disease/coarctation_aorta/coarctation
93,Cardiology,Pacemakers,Pacemaker Rhythms,Single Chamber Pacing,single chamber pacemaker ECG,atrial pacing ECG,ventricular pacing ECG,AAI pacemaker,ECG,4,HIGH,cardiology/pacemakers/pacemaker_rhythms/single_chamber_pacing
94,Cardiology,Pacemakers,Pacemaker Rhythms,Dual Chamber Pacing,dual chamber pacemaker ECG,DDD pacemaker,sequential AV pacing,physiologic pacing,ECG,4,HIGH,cardiology/pacemakers/pacemaker_rhythms/dual_chamber_pacing
95,Cardiology,Pacemakers,Pacemaker Rhythms,Biventricular Pacing,biventricular pacemaker ECG,CRT pacing,cardiac resynchronization therapy,BiV pacemaker,"ECG, chest_xray",3,HIGH,cardiology/pacemakers/pacemaker_rhythms/biventricular_pacing
96,Cardiology,Pacemakers,Pacemaker Rhythms,Pacemaker Malfunction,pacemaker malfunction ECG,failure to capture pacemaker,failure to sense pacemaker,pacing spikes no capture,ECG,4,HIGH,cardiology/pacemakers/pacemaker_rhythms/pacemaker_malfunction
97,Respiratory,Respiratory Infections,Pneumonia,Community Acquired Pneumonia,community acquired pneumonia chest x-ray,CAP chest radiograph,lobar pneumonia xray,pneumococcal pneumonia chest xray,"chest_xray, CT",5,HIGH,respiratory/respiratory_infections/pneumonia/community_acquired_pneumonia
98,Respiratory,Respiratory Infections,Pneumonia,Hospital Acquired Pneumonia,hospital acquired pneumonia chest x-ray,nosocomial pneumonia xray,HAP chest radiograph,ventilator associated pneumonia xray,"chest_xray, CT",4,HIGH,respiratory/respiratory_infections/pneumonia/hospital_acquired_pneumonia
99,Respiratory,Respiratory Infections,Pneumonia,Aspiration Pneumonia,aspiration pneumonia chest x-ray,aspiration pneumonitis xray,right lower lobe pneumonia aspiration,dependent segment pneumonia xray,"chest_xray, CT",4,HIGH,respiratory/respiratory_infections/pneumonia/aspiration_pneumonia
100,Respiratory,Respiratory Infections,Pneumonia,Viral Pneumonia,viral pneumonia chest x-ray,interstitial pneumonia xray,COVID-19 pneumonia chest xray,influenza pneumonia radiograph,"chest_xray, CT",5,HIGH,respiratory/respiratory_infections/pneumonia/viral_pneumonia
101,Respiratory,Respiratory Infections,Pneumonia,Atypical Pneumonia,atypical pneumonia chest x-ray,mycoplasma pneumonia xray,legionella pneumonia chest xray,chlamydia pneumonia radiograph,"chest_xray, CT",4,HIGH,respiratory/respiratory_infections/pneumonia/atypical_pneumonia
102,Respiratory,Respiratory Infections,Pneumonia,Necrotizing Pneumonia,necrotizing pneumonia chest x-ray,lung abscess xray,cavitating pneumonia chest xray,pneumonia with necrosis CT,"chest_xray, CT",3,HIGH,respiratory/respiratory_infections/pneumonia/necrotizing_pneumonia
103,Respiratory,Respiratory Infections,Tuberculosis,Primary Tuberculosis,primary tuberculosis chest x-ray,primary TB xray,Ghon complex chest xray,hilar lymphadenopathy TB,"chest_xray, CT",4,HIGH,respiratory/respiratory_infections/tuberculosis/primary_tuberculosis
104,Respiratory,Respiratory Infections,Tuberculosis,Reactivation Tuberculosis,reactivation tuberculosis chest x-ray,secondary TB xray,apical tuberculosis chest xray,cavitating TB radiograph,"chest_xray, CT",5,HIGH,respiratory/respiratory_infections/tuberculosis/reactivation_tuberculosis
105,Respiratory,Respiratory Infections,Tuberculosis,Miliary Tuberculosis,miliary tuberculosis chest x-ray,disseminated TB xray,miliary pattern chest radiograph,miliary nodules TB,"chest_xray, CT",4,HIGH,respiratory/respiratory_infections/tuberculosis/miliary_tuberculosis
106,Respiratory,Respiratory Infections,Tuberculosis,Tuberculous Pleural Effusion,tuberculous pleural effusion chest x-ray,TB pleural effusion xray,tuberculous pleurisy chest xray,exudative effusion TB,"chest_xray, ultrasound",4,HIGH,respiratory/respiratory_infections/tuberculosis/tuberculous_pleural_effusion
107,Respiratory,Respiratory Infections,Bronchitis,Acute Bronchitis,acute bronchitis chest x-ray,bronchial wall thickening xray,peribronchial cuffing chest xray,normal chest xray bronchitis,chest_xray,3,HIGH,respiratory/respiratory_infections/bronchitis/acute_bronchitis
108,Respiratory,Respiratory Infections,Bronchitis,Chronic Bronchitis,chronic bronchitis chest x-ray,bronchial wall thickening chronic,increased bronchovascular markings,dirty chest chronic bronchitis,"chest_xray, CT",4,HIGH,respiratory/respiratory_infections/bronchitis/chronic_bronchitis
109,Respiratory,Obstructive Airway Disease,Asthma,Acute Asthma Exacerbation,acute asthma exacerbation chest x-ray,status asthmaticus xray,hyperinflation asthma chest xray,asthma attack radiograph,chest_xray,5,HIGH,respiratory/obstructive_airway_disease/asthma/acute_asthma_exacerbation
110,Respiratory,Obstructive Airway Disease,Asthma,Chronic Asthma,chronic asthma chest x-ray,persistent asthma xray,bronchial wall thickening asthma,hyperinflation chronic asthma,"chest_xray, CT",4,HIGH,respiratory/obstructive_airway_disease/asthma/chronic_asthma
111,Respiratory,Obstructive Airway Disease,Copd,Emphysema,emphysema chest x-ray,hyperinflation emphysema xray,flattened diaphragm emphysema,bullous emphysema chest CT,"chest_xray, CT",5,HIGH,respiratory/obstructive_airway_disease/copd/emphysema
112,Respiratory,Obstructive Airway Disease,Copd,Chronic Obstructive Bronchitis,chronic obstructive bronchitis chest x-ray,COPD bronchitis xray,bronchial wall thickening COPD,blue bloater chest xray,"chest_xray, CT",5,HIGH,respiratory/obstructive_airway_disease/copd/chronic_obstructive_bronchitis
113,Respiratory,Obstructive Airway Disease,Copd,Copd Exacerbation,COPD exacerbation chest x-ray,acute exacerbation COPD xray,COPD with pneumonia xray,decompensated COPD radiograph,chest_xray,5,HIGH,respiratory/obstructive_airway_disease/copd/copd_exacerbation
114,Respiratory,Obstructive Airway Disease,Bronchiectasis,Cylindrical Bronchiectasis,cylindrical bronchiectasis chest CT,tubular bronchiectasis HRCT,tram track sign bronchiectasis,parallel bronchi CT,"CT, chest_xray",4,HIGH,respiratory/obstructive_airway_disease/bronchiectasis/cylindrical_bronchiectasis
115,Respiratory,Obstructive Airway Disease,Bronchiectasis,Varicose Bronchiectasis,varicose bronchiectasis chest CT,varicose bronchiectasis HRCT,irregular bronchiectasis CT,beaded bronchi CT,CT,3,HIGH,respiratory/obstructive_airway_disease/bronchiectasis/varicose_bronchiectasis
116,Respiratory,Obstructive Airway Disease,Bronchiectasis,Cystic Bronchiectasis,cystic bronchiectasis chest CT,saccular bronchiectasis HRCT,cluster of grapes bronchiectasis,severe bronchiectasis CT,"CT, chest_xray",4,HIGH,respiratory/obstructive_airway_disease/bronchiectasis/cystic_bronchiectasis
117,Respiratory,Obstructive Airway Disease,Cystic Fibrosis,Cystic Fibrosis Early,cystic fibrosis early chest x-ray,CF early changes xray,bronchial wall thickening CF,hyperinflation cystic fibrosis,"chest_xray, CT",4,HIGH,respiratory/obstructive_airway_disease/cystic_fibrosis/cystic_fibrosis_early
118,Respiratory,Obstructive Airway Disease,Cystic Fibrosis,Cystic Fibrosis Advanced,cystic fibrosis advanced chest x-ray,CF end stage xray,bronchiectasis cystic fibrosis,advanced CF chest CT,"chest_xray, CT",4,HIGH,respiratory/obstructive_airway_disease/cystic_fibrosis/cystic_fibrosis_advanced
119,Respiratory,Restrictive Lung Disease,Interstitial Lung Disease,Idiopathic Pulmonary Fibrosis,idiopathic pulmonary fibrosis chest CT,IPF HRCT,usual interstitial pneumonia UIP,honeycomb lung fibrosis,"CT, chest_xray",4,HIGH,respiratory/restrictive_lung_disease/interstitial_lung_disease/idiopathic_pulmonary_fibrosis
120,Respiratory,Restrictive Lung Disease,Interstitial Lung Disease,Sarcoidosis,sarcoidosis chest x-ray,pulmonary sarcoidosis xray,bilateral hilar lymphadenopathy sarcoid,stage 2 sarcoidosis chest CT,"chest_xray, CT",4,HIGH,respiratory/restrictive_lung_disease/interstitial_lung_disease/sarcoidosis
121,Respiratory,Restrictive Lung Disease,Interstitial Lung Disease,Hypersensitivity Pneumonitis,hypersensitivity pneumonitis chest CT,extrinsic allergic alveolitis HRCT,HP ground glass opacities,bird fancier lung CT,"CT, chest_xray",3,HIGH,respiratory/restrictive_lung_disease/interstitial_lung_disease/hypersensitivity_pneumonitis
122,Respiratory,Restrictive Lung Disease,Interstitial Lung Disease,Asbestosis,asbestosis chest x-ray,asbestos related lung disease xray,pleural plaques asbestos,asbestosis HRCT,"chest_xray, CT",4,HIGH,respiratory/restrictive_lung_disease/interstitial_lung_disease/asbestosis
123,Respiratory,Restrictive Lung Disease,Interstitial Lung Disease,Silicosis,silicosis chest x-ray,silica exposure lung disease,progressive massive fibrosis silicosis,silicosis nodules CT,"chest_xray, CT",3,HIGH,respiratory/restrictive_lung_disease/interstitial_lung_disease/silicosis
124,Respiratory,Restrictive Lung Disease,Interstitial Lung Disease,Coal Workers Pneumoconiosis,coal workers pneumoconiosis chest x-ray,CWP xray,black lung disease radiograph,pneumoconiosis coal dust,"chest_xray, CT",3,HIGH,respiratory/restrictive_lung_disease/interstitial_lung_disease/coal_workers_pneumoconiosis
125,Respiratory,Restrictive Lung Disease,Drug Induced Lung Disease,Amiodarone Toxicity,amiodarone pulmonary toxicity chest CT,amiodarone lung disease xray,drug induced pneumonitis amiodarone,amiodarone fibrosis HRCT,"chest_xray, CT",4,HIGH,respiratory/restrictive_lung_disease/drug_induced_lung_disease/amiodarone_toxicity
126,Respiratory,Restrictive Lung Disease,Drug Induced Lung Disease,Methotrexate Pneumonitis,methotrexate pneumonitis chest x-ray,methotrexate lung toxicity xray,drug induced pneumonitis methotrexate,MTX pulmonary toxicity CT,"chest_xray, CT",3,HIGH,respiratory/restrictive_lung_disease/drug_induced_lung_disease/methotrexate_pneumonitis
127,Respiratory,Restrictive Lung Disease,Drug Induced Lung Disease,Bleomycin Toxicity,bleomycin pulmonary toxicity chest CT,bleomycin lung fibrosis xray,chemotherapy induced pneumonitis bleomycin,bleomycin HRCT changes,"chest_xray, CT",3,HIGH,respiratory/restrictive_lung_disease/drug_induced_lung_disease/bleomycin_toxicity
128,Respiratory,Vascular Lung Disease,Pulmonary Embolism,Acute Pe Segmental,acute pulmonary embolism CTPA,segmental PE CT angiography,pulmonary artery filling defect,PE chest CT contrast,"CT, chest_xray",5,HIGH,respiratory/vascular_lung_disease/pulmonary_embolism/acute_pe_segmental
129,Respiratory,Vascular Lung Disease,Pulmonary Embolism,Saddle Embolus,saddle pulmonary embolus CTPA,saddle PE CT angiography,massive pulmonary embolism,bilateral main PA embolus,CT,5,HIGH,respiratory/vascular_lung_disease/pulmonary_embolism/saddle_embolus
130,Respiratory,Vascular Lung Disease,Pulmonary Embolism,Chronic Pe,chronic pulmonary embolism CTPA,chronic thromboembolic disease,organized thrombus pulmonary artery,chronic PE CT,"CT, chest_xray",4,HIGH,respiratory/vascular_lung_disease/pulmonary_embolism/chronic_pe
131,Respiratory,Vascular Lung Disease,Pulmonary Hypertension,Primary Pulmonary Hypertension,primary pulmonary hypertension chest x-ray,idiopathic PAH xray,enlarged pulmonary arteries xray,pulmonary arterial hypertension chest CT,"chest_xray, CT",4,HIGH,respiratory/vascular_lung_disease/pulmonary_hypertension/primary_pulmonary_hypertension
132,Respiratory,Vascular Lung Disease,Pulmonary Hypertension,Secondary Pulmonary Hypertension,secondary pulmonary hypertension chest x-ray,cor pulmonale xray,pulmonary hypertension COPD,RV enlargement pulmonary hypertension,"chest_xray, CT, ECG",4,HIGH,respiratory/vascular_lung_disease/pulmonary_hypertension/secondary_pulmonary_hypertension
133,Respiratory,Vascular Lung Disease,Pulmonary Edema,Cardiogenic Pulmonary Edema,cardiogenic pulmonary edema chest x-ray,pulmonary edema heart failure xray,alveolar edema chest radiograph,bat wing pulmonary edema,chest_xray,5,HIGH,respiratory/vascular_lung_disease/pulmonary_edema/cardiogenic_pulmonary_edema
134,Respiratory,Vascular Lung Disease,Pulmonary Edema,Non Cardiogenic Pulmonary Edema,non-cardiogenic pulmonary edema chest x-ray,ARDS chest xray,acute respiratory distress syndrome,permeability edema chest CT,"chest_xray, CT",4,HIGH,respiratory/vascular_lung_disease/pulmonary_edema/non_cardiogenic_pulmonary_edema
135,Respiratory,Pleural Disease,Pleural Effusion,Transudative Effusion,transudative pleural effusion chest x-ray,heart failure pleural effusion xray,blunted costophrenic angle,bilateral pleural effusions xray,"chest_xray, ultrasound",5,HIGH,respiratory/pleural_disease/pleural_effusion/transudative_effusion
136,Respiratory,Pleural Disease,Pleural Effusion,Exudative Effusion,exudative pleural effusion chest x-ray,parapneumonic effusion xray,malignant pleural effusion,complicated effusion chest CT,"chest_xray, ultrasound, CT",4,HIGH,respiratory/pleural_disease/pleural_effusion/exudative_effusion
137,Respiratory,Pleural Disease,Pleural Effusion,Massive Pleural Effusion,massive pleural effusion chest x-ray,large pleural effusion xray,white out hemithorax,complete opacification pleural effusion,"chest_xray, ultrasound",4,HIGH,respiratory/pleural_disease/pleural_effusion/massive_pleural_effusion
138,Respiratory,Pleural Disease,Pneumothorax,Spontaneous Pneumothorax,spontaneous pneumothorax chest x-ray,primary pneumothorax xray,collapsed lung chest radiograph,pneumothorax young adult,"chest_xray, CT",5,HIGH,respiratory/pleural_disease/pneumothorax/spontaneous_pneumothorax
139,Respiratory,Pleural Disease,Pneumothorax,Tension Pneumothorax,tension pneumothorax chest x-ray,tension pneumothorax CT,mediastinal shift pneumothorax,life threatening pneumothorax,"chest_xray, CT",5,HIGH,respiratory/pleural_disease/pneumothorax/tension_pneumothorax
140,Respiratory,Pleural Disease,Pneumothorax,Traumatic Pneumothorax,traumatic pneumothorax chest x-ray,pneumothorax rib fracture,post traumatic pneumothorax CT,chest trauma pneumothorax,"chest_xray, CT",4,HIGH,respiratory/pleural_disease/pneumothorax/traumatic_pneumothorax
141,Respiratory,Pleural Disease,Empyema,Parapneumonic Empyema,empyema chest x-ray,parapneumonic empyema xray,loculated pleural effusion,empyema chest CT,"chest_xray, CT, ultrasound",4,HIGH,respiratory/pleural_disease/empyema/parapneumonic_empyema
142,Respiratory,Pleural Disease,Pleural Thickening,Pleural Plaques,pleural plaques chest x-ray,calcified pleural plaques xray,asbestos pleural plaques,pleural thickening CT,"chest_xray, CT",3,HIGH,respiratory/pleural_disease/pleural_thickening/pleural_plaques
143,Respiratory,Lung Cancer,Primary Lung Cancer,Squamous Cell Carcinoma,squamous cell lung carcinoma chest x-ray,squamous cell lung cancer CT,central lung mass xray,cavitating lung cancer,"chest_xray, CT",5,HIGH,respiratory/lung_cancer/primary_lung_cancer/squamous_cell_carcinoma
144,Respiratory,Lung Cancer,Primary Lung Cancer,Adenocarcinoma Lung,adenocarcinoma lung chest x-ray,peripheral lung adenocarcinoma CT,lung adenocarcinoma radiograph,bronchoalveolar carcinoma,"chest_xray, CT",5,HIGH,respiratory/lung_cancer/primary_lung_cancer/adenocarcinoma_lung
145,Respiratory,Lung Cancer,Primary Lung Cancer,Small Cell Lung Cancer,small cell lung cancer chest x-ray,SCLC chest CT,small cell carcinoma mediastinal mass,SCLC with lymphadenopathy,"chest_xray, CT",5,HIGH,respiratory/lung_cancer/primary_lung_cancer/small_cell_lung_cancer
146,Respiratory,Lung Cancer,Primary Lung Cancer,Pancoast Tumor,Pancoast tumor chest x-ray,superior sulcus tumor xray,apical lung mass Pancoast,Pancoast syndrome chest CT,"chest_xray, CT, MRI",4,HIGH,respiratory/lung_cancer/primary_lung_cancer/pancoast_tumor
147,Respiratory,Lung Cancer,Metastatic Lung Disease,Pulmonary Metastases,pulmonary metastases chest x-ray,lung metastases CT,cannonball metastases lung,multiple lung nodules metastatic,"chest_xray, CT",4,HIGH,respiratory/lung_cancer/metastatic_lung_disease/pulmonary_metastases
148,Respiratory,Lung Cancer,Complications,Post Obstructive Pneumonia,post-obstructive pneumonia chest x-ray,obstructive pneumonia lung cancer,collapse consolidation lung cancer,pneumonia distal to tumor,"chest_xray, CT",4,HIGH,respiratory/lung_cancer/complications/post_obstructive_pneumonia
149,Respiratory,Lung Cancer,Complications,Lung Collapse Malignancy,lung collapse malignancy chest x-ray,atelectasis lung cancer xray,lobar collapse tumor,complete lung collapse cancer,"chest_xray, CT",4,HIGH,respiratory/lung_cancer/complications/lung_collapse_malignancy
150,Respiratory,Chest Trauma,Rib Fractures,Simple Rib Fracture,rib fracture chest x-ray,fractured rib xray,rib fracture radiograph,rib fracture CT,"chest_xray, CT",4,HIGH,respiratory/chest_trauma/rib_fractures/simple_rib_fracture
151,Respiratory,Chest Trauma,Rib Fractures,Flail Chest,flail chest x-ray,multiple rib fractures flail,flail segment chest CT,unstable chest wall trauma,"chest_xray, CT",4,HIGH,respiratory/chest_trauma/rib_fractures/flail_chest
152,Respiratory,Chest Trauma,Hemothorax,Traumatic Hemothorax,hemothorax chest x-ray,traumatic hemothorax xray,blood pleural space,hemothorax chest CT,"chest_xray, CT, ultrasound",4,HIGH,respiratory/chest_trauma/hemothorax/traumatic_hemothorax
153,Respiratory,Chest Trauma,Pulmonary Contusion,Lung Contusion,pulmonary contusion chest x-ray,lung contusion CT,traumatic lung injury xray,blunt chest trauma contusion,"chest_xray, CT",4,HIGH,respiratory/chest_trauma/pulmonary_contusion/lung_contusion
154,Respiratory,Mediastinal Disease,Mediastinal Masses,Anterior Mediastinal Mass,anterior mediastinal mass chest x-ray,thymus mass xray,thymoma chest CT,anterior mediastinal lymphoma,"chest_xray, CT",3,HIGH,respiratory/mediastinal_disease/mediastinal_masses/anterior_mediastinal_mass
155,Respiratory,Mediastinal Disease,Mediastinal Masses,Posterior Mediastinal Mass,posterior mediastinal mass chest x-ray,neurogenic tumor mediastinum,posterior mediastinal mass CT,paraspinal mass chest,"chest_xray, CT, MRI",3,HIGH,respiratory/mediastinal_disease/mediastinal_masses/posterior_mediastinal_mass
156,Respiratory,Mediastinal Disease,Lymphadenopathy,Hilar Lymphadenopathy,hilar lymphadenopathy chest x-ray,enlarged hilar lymph nodes xray,bilateral hilar lymphadenopathy,hilar masses chest CT,"chest_xray, CT",4,HIGH,respiratory/mediastinal_disease/lymphadenopathy/hilar_lymphadenopathy
157,Respiratory,Mediastinal Disease,Lymphadenopathy,Mediastinal Lymphadenopathy,mediastinal lymphadenopathy chest CT,enlarged mediastinal lymph nodes,mediastinal adenopathy xray,paratracheal lymphadenopathy,"chest_xray, CT",4,HIGH,respiratory/mediastinal_disease/lymphadenopathy/mediastinal_lymphadenopathy
158,Dermatology,Skin Cancer,Melanoma,Superficial Spreading Melanoma,superficial spreading melanoma,SSM melanoma clinical photo,melanoma irregular borders,asymmetric melanoma,"clinical_photo, dermoscopy",5,HIGH,dermatology/skin_cancer/melanoma/superficial_spreading_melanoma
159,Dermatology,Skin Cancer,Melanoma,Nodular Melanoma,nodular melanoma,amelanotic melanoma,nodular melanoma clinical photo,rapidly growing melanoma,"clinical_photo, dermoscopy",5,HIGH,dermatology/skin_cancer/melanoma/nodular_melanoma
160,Dermatology,Skin Cancer,Melanoma,Lentigo Maligna Melanoma,lentigo maligna melanoma,LMM facial melanoma,lentigo maligna clinical photo,sun damaged skin melanoma,"clinical_photo, dermoscopy",4,HIGH,dermatology/skin_cancer/melanoma/lentigo_maligna_melanoma
161,Dermatology,Skin Cancer,Melanoma,Acral Lentiginous Melanoma,acral lentiginous melanoma,subungual melanoma,palm melanoma,sole melanoma,"clinical_photo, dermoscopy",4,HIGH,dermatology/skin_cancer/melanoma/acral_lentiginous_melanoma
162,Dermatology,Skin Cancer,Basal Cell Carcinoma,Nodular Bcc,nodular basal cell carcinoma,BCC pearly border,nodular BCC clinical photo,rodent ulcer,"clinical_photo, dermoscopy",5,HIGH,dermatology/skin_cancer/basal_cell_carcinoma/nodular_bcc
163,Dermatology,Skin Cancer,Basal Cell Carcinoma,Superficial Bcc,superficial basal cell carcinoma,superficial BCC trunk,sBCC clinical photo,scaly BCC patch,"clinical_photo, dermoscopy",4,HIGH,dermatology/skin_cancer/basal_cell_carcinoma/superficial_bcc
164,Dermatology,Skin Cancer,Basal Cell Carcinoma,Morphoeic Bcc,morphoeic basal cell carcinoma,sclerosing BCC,infiltrative BCC clinical photo,morpheaform basal cell,"clinical_photo, dermoscopy",3,HIGH,dermatology/skin_cancer/basal_cell_carcinoma/morphoeic_bcc
165,Dermatology,Skin Cancer,Squamous Cell Carcinoma,Invasive Scc,squamous cell carcinoma skin,invasive SCC clinical photo,SCC cutaneous,keratinizing SCC,"clinical_photo, dermoscopy",5,HIGH,dermatology/skin_cancer/squamous_cell_carcinoma/invasive_scc
166,Dermatology,Skin Cancer,Squamous Cell Carcinoma,Scc In Situ,Bowen disease,SCC in situ,intraepidermal carcinoma,Bowen's disease clinical photo,"clinical_photo, dermoscopy",4,HIGH,dermatology/skin_cancer/squamous_cell_carcinoma/scc_in_situ
167,Dermatology,Skin Cancer,Precancerous Lesions,Actinic Keratosis,actinic keratosis,solar keratosis clinical photo,AK sun damage,keratosis multiple,"clinical_photo, dermoscopy",5,HIGH,dermatology/skin_cancer/precancerous_lesions/actinic_keratosis
168,Dermatology,Benign Lesions,Pigmented Lesions,Seborrhoeic Keratosis,seborrhoeic keratosis,seborrheic keratosis clinical photo,SK stuck on appearance,senile wart,"clinical_photo, dermoscopy",5,HIGH,dermatology/benign_lesions/pigmented_lesions/seborrhoeic_keratosis
169,Dermatology,Benign Lesions,Pigmented Lesions,Dermatofibroma,dermatofibroma,fibrous histiocytoma skin,dermatofibroma clinical photo,dimple sign dermatofibroma,"clinical_photo, dermoscopy",4,HIGH,dermatology/benign_lesions/pigmented_lesions/dermatofibroma
170,Dermatology,Benign Lesions,Pigmented Lesions,Solar Lentigo,solar lentigo,age spots,liver spots clinical photo,lentigo senilis,"clinical_photo, dermoscopy",4,HIGH,dermatology/benign_lesions/pigmented_lesions/solar_lentigo
171,Dermatology,Benign Lesions,Pigmented Lesions,Melanocytic Naevus,melanocytic naevus,benign mole,compound naevus clinical photo,intradermal naevus,"clinical_photo, dermoscopy",5,HIGH,dermatology/benign_lesions/pigmented_lesions/melanocytic_naevus
172,Dermatology,Benign Lesions,Vascular Lesions,Cherry Angioma,cherry angioma,campbell de morgan spots,cherry hemangioma clinical photo,senile angioma,clinical_photo,3,HIGH,dermatology/benign_lesions/vascular_lesions/cherry_angioma
173,Dermatology,Benign Lesions,Vascular Lesions,Spider Naevus,spider naevus,spider angioma,spider telangiectasia,nevus araneus clinical photo,clinical_photo,4,HIGH,dermatology/benign_lesions/vascular_lesions/spider_naevus
174,Dermatology,Benign Lesions,Vascular Lesions,Port Wine Stain,port wine stain,nevus flammeus,capillary malformation face,port wine birthmark,clinical_photo,3,HIGH,dermatology/benign_lesions/vascular_lesions/port_wine_stain
175,Dermatology,Benign Lesions,Cysts,Epidermoid Cyst,epidermoid cyst,sebaceous cyst,epidermal inclusion cyst,keratin cyst clinical photo,clinical_photo,4,HIGH,dermatology/benign_lesions/cysts/epidermoid_cyst
176,Dermatology,Benign Lesions,Cysts,Pilar Cyst,pilar cyst,trichilemmal cyst,scalp cyst,wen clinical photo,clinical_photo,3,HIGH,dermatology/benign_lesions/cysts/pilar_cyst
177,Dermatology,Inflammatory Conditions,Eczema,Atopic Dermatitis,atopic dermatitis,atopic eczema clinical photo,flexural eczema,childhood eczema,clinical_photo,5,HIGH,dermatology/inflammatory_conditions/eczema/atopic_dermatitis
178,Dermatology,Inflammatory Conditions,Eczema,Contact Dermatitis,contact dermatitis,allergic contact dermatitis photo,irritant contact dermatitis,hand dermatitis,clinical_photo,5,HIGH,dermatology/inflammatory_conditions/eczema/contact_dermatitis
179,Dermatology,Inflammatory Conditions,Eczema,Seborrhoeic Dermatitis,seborrhoeic dermatitis,seborrheic dermatitis scalp,dandruff clinical photo,nasolabial fold dermatitis,clinical_photo,5,HIGH,dermatology/inflammatory_conditions/eczema/seborrhoeic_dermatitis
180,Dermatology,Inflammatory Conditions,Eczema,Discoid Eczema,discoid eczema,nummular eczema,discoid dermatitis clinical photo,coin shaped eczema,clinical_photo,4,HIGH,dermatology/inflammatory_conditions/eczema/discoid_eczema
181,Dermatology,Inflammatory Conditions,Eczema,Varicose Eczema,varicose eczema,stasis dermatitis,venous eczema leg,gravitational eczema clinical photo,clinical_photo,4,HIGH,dermatology/inflammatory_conditions/eczema/varicose_eczema
182,Dermatology,Inflammatory Conditions,Psoriasis,Chronic Plaque Psoriasis,chronic plaque psoriasis,psoriasis vulgaris,plaque psoriasis elbows knees,silvery scale psoriasis,clinical_photo,5,HIGH,dermatology/inflammatory_conditions/psoriasis/chronic_plaque_psoriasis
183,Dermatology,Inflammatory Conditions,Psoriasis,Guttate Psoriasis,guttate psoriasis,guttate psoriasis post strep,drop like psoriasis,small plaque psoriasis trunk,clinical_photo,4,HIGH,dermatology/inflammatory_conditions/psoriasis/guttate_psoriasis
184,Dermatology,Inflammatory Conditions,Psoriasis,Pustular Psoriasis,pustular psoriasis,palmoplantar pustulosis,pustular psoriasis hands feet,generalized pustular psoriasis,clinical_photo,3,HIGH,dermatology/inflammatory_conditions/psoriasis/pustular_psoriasis
185,Dermatology,Inflammatory Conditions,Psoriasis,Erythrodermic Psoriasis,erythrodermic psoriasis,exfoliative psoriasis,generalized erythroderma psoriasis,total body psoriasis,clinical_photo,3,HIGH,dermatology/inflammatory_conditions/psoriasis/erythrodermic_psoriasis
186,Dermatology,Inflammatory Conditions,Psoriasis,Psoriatic Arthropathy,psoriatic arthropathy,psoriatic arthritis hands,nail psoriasis arthritis,dactylitis psoriatic,"clinical_photo, xray",4,HIGH,dermatology/inflammatory_conditions/psoriasis/psoriatic_arthropathy
187,Dermatology,Inflammatory Conditions,Urticaria,Acute Urticaria,acute urticaria,hives clinical photo,acute allergic urticaria,wheals skin,clinical_photo,5,HIGH,dermatology/inflammatory_conditions/urticaria/acute_urticaria
188,Dermatology,Inflammatory Conditions,Urticaria,Chronic Urticaria,chronic urticaria,chronic spontaneous urticaria,recurrent hives,persistent urticaria clinical photo,clinical_photo,4,HIGH,dermatology/inflammatory_conditions/urticaria/chronic_urticaria
189,Dermatology,Inflammatory Conditions,Urticaria,Angioedema,angioedema,angioedema face lips,hereditary angioedema,ACE inhibitor angioedema,clinical_photo,5,HIGH,dermatology/inflammatory_conditions/urticaria/angioedema
190,Dermatology,Infections,Bacterial Infections,Impetigo,impetigo,impetigo contagiosa,golden crust impetigo,bullous impetigo clinical photo,clinical_photo,5,HIGH,dermatology/infections/bacterial_infections/impetigo
191,Dermatology,Infections,Bacterial Infections,Cellulitis,cellulitis,cellulitis leg,erysipelas face,bacterial skin infection,clinical_photo,5,HIGH,dermatology/infections/bacterial_infections/cellulitis
192,Dermatology,Infections,Bacterial Infections,Erysipelas,erysipelas,erysipelas face,butterfly erysipelas,streptococcal skin infection,clinical_photo,4,HIGH,dermatology/infections/bacterial_infections/erysipelas
193,Dermatology,Infections,Bacterial Infections,Folliculitis,folliculitis,bacterial folliculitis,hot tub folliculitis,pseudomonas folliculitis,clinical_photo,4,HIGH,dermatology/infections/bacterial_infections/folliculitis
194,Dermatology,Infections,Bacterial Infections,Abscess,skin abscess,furuncle boil,carbuncle,cutaneous abscess clinical photo,clinical_photo,5,HIGH,dermatology/infections/bacterial_infections/abscess
195,Dermatology,Infections,Viral Infections,Herpes Simplex,herpes simplex,cold sore,HSV oral lesion,herpes labialis clinical photo,clinical_photo,5,HIGH,dermatology/infections/viral_infections/herpes_simplex
196,Dermatology,Infections,Viral Infections,Herpes Zoster,herpes zoster,shingles,varicella zoster dermatomal,zoster rash clinical photo,clinical_photo,5,HIGH,dermatology/infections/viral_infections/herpes_zoster
197,Dermatology,Infections,Viral Infections,Molluscum Contagiosum,molluscum contagiosum,molluscum umbilicated,viral molluscum children,molluscum contagiosum clinical photo,clinical_photo,4,HIGH,dermatology/infections/viral_infections/molluscum_contagiosum
198,Dermatology,Infections,Viral Infections,Viral Warts,viral wart,verruca vulgaris,plantar wart,common wart clinical photo,clinical_photo,4,HIGH,dermatology/infections/viral_infections/viral_warts
199,Dermatology,Infections,Fungal Infections,Tinea Corporis,tinea corporis,ringworm body,dermatophyte infection,tinea corporis clinical photo,clinical_photo,5,HIGH,dermatology/infections/fungal_infections/tinea_corporis
200,Dermatology,Infections,Fungal Infections,Tinea Pedis,tinea pedis,athlete's foot,interdigital tinea pedis,fungal foot infection,clinical_photo,5,HIGH,dermatology/infections/fungal_infections/tinea_pedis
201,Dermatology,Infections,Fungal Infections,Tinea Cruris,tinea cruris,jock itch,groin fungal infection,tinea cruris clinical photo,clinical_photo,4,HIGH,dermatology/infections/fungal_infections/tinea_cruris
202,Dermatology,Infections,Fungal Infections,Tinea Capitis,tinea capitis,scalp ringworm,fungal scalp infection,kerion tinea capitis,clinical_photo,4,HIGH,dermatology/infections/fungal_infections/tinea_capitis
203,Dermatology,Infections,Fungal Infections,Tinea Unguium,tinea unguium,onychomycosis,fungal nail infection,tinea unguium clinical photo,clinical_photo,5,HIGH,dermatology/infections/fungal_infections/tinea_unguium
204,Dermatology,Infections,Fungal Infections,Candidiasis,cutaneous candidiasis,candida intertrigo,candida skin infection,oral candidiasis thrush,clinical_photo,5,HIGH,dermatology/infections/fungal_infections/candidiasis
205,Dermatology,Infections,Parasitic Infections,Scabies,scabies,scabies burrow,sarcoptes scabiei,crusted scabies clinical photo,"clinical_photo, microscopy",5,HIGH,dermatology/infections/parasitic_infections/scabies
206,Dermatology,Infections,Parasitic Infections,Head Lice,head lice,pediculosis capitis,lice nits,head louse clinical photo,"clinical_photo, microscopy",4,HIGH,dermatology/infections/parasitic_infections/head_lice
207,Dermatology,Autoimmune Conditions,Bullous Disorders,Pemphigus Vulgaris,pemphigus vulgaris,pemphigus oral mucosa,acantholytic blistering,pemphigus vulgaris clinical photo,"clinical_photo, microscopy",3,HIGH,dermatology/autoimmune_conditions/bullous_disorders/pemphigus_vulgaris
208,Dermatology,Autoimmune Conditions,Bullous Disorders,Bullous Pemphigoid,bullous pemphigoid,pemphigoid elderly,tense bullae pemphigoid,bullous pemphigoid clinical photo,"clinical_photo, microscopy",3,HIGH,dermatology/autoimmune_conditions/bullous_disorders/bullous_pemphigoid
209,Dermatology,Autoimmune Conditions,Bullous Disorders,Dermatitis Herpetiformis,dermatitis herpetiformis,DH celiac disease,dermatitis herpetiformis elbows,gluten sensitive dermatosis,"clinical_photo, microscopy",3,HIGH,dermatology/autoimmune_conditions/bullous_disorders/dermatitis_herpetiformis
210,Dermatology,Autoimmune Conditions,Connective Tissue Disease,Lupus Erythematosus,lupus erythematosus,malar rash lupus,butterfly rash SLE,discoid lupus clinical photo,clinical_photo,4,HIGH,dermatology/autoimmune_conditions/connective_tissue_disease/lupus_erythematosus
211,Dermatology,Autoimmune Conditions,Connective Tissue Disease,Dermatomyositis,dermatomyositis,heliotrope rash,Gottron papules,dermatomyositis hands clinical photo,clinical_photo,3,HIGH,dermatology/autoimmune_conditions/connective_tissue_disease/dermatomyositis
212,Dermatology,Autoimmune Conditions,Connective Tissue Disease,Scleroderma,scleroderma,systemic sclerosis skin,morphea,scleroderma hands clinical photo,clinical_photo,3,HIGH,dermatology/autoimmune_conditions/connective_tissue_disease/scleroderma
213,Dermatology,Autoimmune Conditions,Vasculitis,Henoch Schonlein Purpura,Henoch-Schonlein purpura,IgA vasculitis,HSP purpura legs,palpable purpura child,clinical_photo,4,HIGH,dermatology/autoimmune_conditions/vasculitis/henoch_schonlein_purpura
214,Dermatology,Autoimmune Conditions,Vasculitis,Leukocytoclastic Vasculitis,leukocytoclastic vasculitis,cutaneous vasculitis,palpable purpura,small vessel vasculitis skin,"clinical_photo, microscopy",3,HIGH,dermatology/autoimmune_conditions/vasculitis/leukocytoclastic_vasculitis
215,Dermatology,Drug Reactions,Adverse Reactions,Morbilliform Drug Eruption,morbilliform drug eruption,drug rash exanthem,antibiotic drug rash,maculopapular drug eruption,clinical_photo,5,HIGH,dermatology/drug_reactions/adverse_reactions/morbilliform_drug_eruption
216,Dermatology,Drug Reactions,Adverse Reactions,Stevens Johnson Syndrome,Stevens-Johnson syndrome,SJS drug reaction,toxic epidermal necrolysis,TEN clinical photo,clinical_photo,5,HIGH,dermatology/drug_reactions/adverse_reactions/stevens_johnson_syndrome
217,Dermatology,Drug Reactions,Adverse Reactions,Fixed Drug Eruption,fixed drug eruption,FDE drug reaction,localized drug rash,pigmented fixed drug eruption,clinical_photo,4,HIGH,dermatology/drug_reactions/adverse_reactions/fixed_drug_eruption
218,Dermatology,Drug Reactions,Adverse Reactions,Drug Induced Photosensitivity,drug induced photosensitivity,phototoxic drug reaction,photoallergic dermatitis,sun exposed drug rash,clinical_photo,4,HIGH,dermatology/drug_reactions/adverse_reactions/drug_induced_photosensitivity
219,Dermatology,Hair And Nail Disorders,Alopecia,Alopecia Areata,alopecia areata,patchy hair loss,exclamation mark hairs,alopecia areata clinical photo,clinical_photo,4,HIGH,dermatology/hair_and_nail_disorders/alopecia/alopecia_areata
220,Dermatology,Hair And Nail Disorders,Alopecia,Androgenetic Alopecia,androgenetic alopecia,male pattern baldness,female pattern hair loss,Ludwig pattern alopecia,clinical_photo,4,HIGH,dermatology/hair_and_nail_disorders/alopecia/androgenetic_alopecia
221,Dermatology,Hair And Nail Disorders,Alopecia,Telogen Effluvium,telogen effluvium,diffuse hair shedding,acute hair loss,telogen effluvium clinical photo,clinical_photo,4,HIGH,dermatology/hair_and_nail_disorders/alopecia/telogen_effluvium
222,Dermatology,Hair And Nail Disorders,Nail Disorders,Psoriatic Nails,psoriatic nails,nail pitting psoriasis,onycholysis psoriasis,oil drop sign nail,clinical_photo,4,HIGH,dermatology/hair_and_nail_disorders/nail_disorders/psoriatic_nails
223,Dermatology,Hair And Nail Disorders,Nail Disorders,Paronychia,paronychia,acute paronychia,chronic paronychia,nail fold infection,clinical_photo,4,HIGH,dermatology/hair_and_nail_disorders/nail_disorders/paronychia
224,Dermatology,Acne And Rosacea,Acne,Acne Vulgaris,acne vulgaris,teenage acne,comedonal acne,inflammatory acne clinical photo,clinical_photo,5,HIGH,dermatology/acne_and_rosacea/acne/acne_vulgaris
225,Dermatology,Acne And Rosacea,Acne,Acne Conglobata,acne conglobata,severe nodular acne,cystic acne,scarring acne clinical photo,clinical_photo,3,HIGH,dermatology/acne_and_rosacea/acne/acne_conglobata
226,Dermatology,Acne And Rosacea,Rosacea,Erythematotelangiectatic Rosacea,erythematotelangiectatic rosacea,rosacea facial flushing,telangiectasia rosacea,ETR clinical photo,clinical_photo,4,HIGH,dermatology/acne_and_rosacea/rosacea/erythematotelangiectatic_rosacea
227,Dermatology,Acne And Rosacea,Rosacea,Papulopustular Rosacea,papulopustular rosacea,inflammatory rosacea,rosacea papules pustules,acne rosacea clinical photo,clinical_photo,4,HIGH,dermatology/acne_and_rosacea/rosacea/papulopustular_rosacea
228,Dermatology,Acne And Rosacea,Rosacea,Rhinophyma,rhinophyma,rosacea nose,phymatous rosacea,bulbous nose rosacea,clinical_photo,3,HIGH,dermatology/acne_and_rosacea/rosacea/rhinophyma
229,Haematology,Anaemias,Microcytic Anaemia,Iron Deficiency Anaemia,iron deficiency anaemia blood smear,microcytic hypochromic anaemia,iron deficiency blood film,pencil cells iron deficiency,"microscopy, blood_smear",5,HIGH,haematology/anaemias/microcytic_anaemia/iron_deficiency_anaemia
230,Haematology,Anaemias,Microcytic Anaemia,Thalassaemia Trait,thalassaemia trait blood smear,beta thalassaemia minor,alpha thalassaemia trait blood film,target cells thalassaemia,"microscopy, blood_smear",5,HIGH,haematology/anaemias/microcytic_anaemia/thalassaemia_trait
231,Haematology,Anaemias,Microcytic Anaemia,Thalassaemia Major,beta thalassaemia major blood smear,thalassaemia major blood film,Cooley anaemia microscopy,severe thalassaemia blood smear,"microscopy, blood_smear, xray",4,HIGH,haematology/anaemias/microcytic_anaemia/thalassaemia_major
232,Haematology,Anaemias,Microcytic Anaemia,Anaemia Chronic Disease,anaemia of chronic disease blood smear,ACD blood film,inflammatory anaemia microscopy,normocytic anaemia chronic disease,"microscopy, blood_smear",4,HIGH,haematology/anaemias/microcytic_anaemia/anaemia_chronic_disease
233,Haematology,Anaemias,Microcytic Anaemia,Sideroblastic Anaemia,sideroblastic anaemia blood smear,ring sideroblasts bone marrow,sideroblastic anaemia microscopy,Prussian blue stain sideroblasts,"microscopy, bone_marrow",3,HIGH,haematology/anaemias/microcytic_anaemia/sideroblastic_anaemia
234,Haematology,Anaemias,Macrocytic Anaemia,Vitamin B12 Deficiency,vitamin B12 deficiency blood smear,megaloblastic anaemia blood film,hypersegmented neutrophils B12,macrocytic anaemia B12 deficiency,"microscopy, blood_smear",5,HIGH,haematology/anaemias/macrocytic_anaemia/vitamin_b12_deficiency
235,Haematology,Anaemias,Macrocytic Anaemia,Folate Deficiency,folate deficiency blood smear,folic acid deficiency blood film,megaloblastic anaemia folate,macrocytic anaemia folate deficiency,"microscopy, blood_smear",5,HIGH,haematology/anaemias/macrocytic_anaemia/folate_deficiency
236,Haematology,Anaemias,Macrocytic Anaemia,Pernicious Anaemia,pernicious anaemia blood smear,autoimmune B12 deficiency,pernicious anaemia blood film,intrinsic factor deficiency blood smear,"microscopy, blood_smear",4,HIGH,haematology/anaemias/macrocytic_anaemia/pernicious_anaemia
237,Haematology,Anaemias,Macrocytic Anaemia,Alcohol Related Macrocytosis,alcohol related macrocytosis blood smear,alcoholic macrocytosis blood film,non-megaloblastic macrocytosis alcohol,round macrocytes alcohol,"microscopy, blood_smear",4,HIGH,haematology/anaemias/macrocytic_anaemia/alcohol_related_macrocytosis
238,Haematology,Anaemias,Haemolytic Anaemia,Hereditary Spherocytosis,hereditary spherocytosis blood smear,spherocytes blood film,hereditary spherocytosis microscopy,osmotic fragility spherocytosis,"microscopy, blood_smear",4,HIGH,haematology/anaemias/haemolytic_anaemia/hereditary_spherocytosis
239,Haematology,Anaemias,Haemolytic Anaemia,G6Pd Deficiency,G6PD deficiency blood smear,glucose-6-phosphate dehydrogenase deficiency,bite cells G6PD,Heinz bodies G6PD deficiency,"microscopy, blood_smear",5,HIGH,haematology/anaemias/haemolytic_anaemia/g6pd_deficiency
240,Haematology,Anaemias,Haemolytic Anaemia,Sickle Cell Disease,sickle cell disease blood smear,sickle cells blood film,HbSS blood smear microscopy,sickle cell anaemia blood film,"microscopy, blood_smear",5,HIGH,haematology/anaemias/haemolytic_anaemia/sickle_cell_disease
241,Haematology,Anaemias,Haemolytic Anaemia,Autoimmune Haemolytic Anaemia,autoimmune haemolytic anaemia blood smear,AIHA blood film,spherocytes AIHA,warm AIHA blood smear,"microscopy, blood_smear",4,HIGH,haematology/anaemias/haemolytic_anaemia/autoimmune_haemolytic_anaemia
242,Haematology,Anaemias,Haemolytic Anaemia,Microangiopathic Haemolytic Anaemia,microangiopathic haemolytic anaemia blood smear,MAHA blood film,schistocytes blood smear,fragmented red cells MAHA,"microscopy, blood_smear",4,HIGH,haematology/anaemias/haemolytic_anaemia/microangiopathic_haemolytic_anaemia
243,Haematology,Anaemias,Aplastic Anaemia,Aplastic Anaemia Bone Marrow,aplastic anaemia bone marrow,hypocellular bone marrow aplastic,bone marrow failure aplastic anaemia,pancytopenia aplastic anaemia,"microscopy, bone_marrow",4,HIGH,haematology/anaemias/aplastic_anaemia/aplastic_anaemia_bone_marrow
244,Haematology,White Cell Disorders,Acute Leukaemia,Acute Myeloid Leukaemia,acute myeloid leukaemia blood smear,AML blast cells,myeloblasts blood film,Auer rods AML microscopy,"microscopy, blood_smear, bone_marrow",5,HIGH,haematology/white_cell_disorders/acute_leukaemia/acute_myeloid_leukaemia
245,Haematology,White Cell Disorders,Acute Leukaemia,Acute Promyelocytic Leukaemia,acute promyelocytic leukaemia blood smear,APL Auer rods,APML microscopy,promyelocytes APL blood film,"microscopy, blood_smear, bone_marrow",4,HIGH,haematology/white_cell_disorders/acute_leukaemia/acute_promyelocytic_leukaemia
246,Haematology,White Cell Disorders,Acute Leukaemia,Acute Lymphoblastic Leukaemia,acute lymphoblastic leukaemia blood smear,ALL blast cells,lymphoblasts blood film,paediatric ALL microscopy,"microscopy, blood_smear, bone_marrow",5,HIGH,haematology/white_cell_disorders/acute_leukaemia/acute_lymphoblastic_leukaemia
247,Haematology,White Cell Disorders,Chronic Leukaemia,Chronic Myeloid Leukaemia,chronic myeloid leukaemia blood smear,CML blood film,Philadelphia chromosome CML,myeloid left shift blood smear,"microscopy, blood_smear, bone_marrow",5,HIGH,haematology/white_cell_disorders/chronic_leukaemia/chronic_myeloid_leukaemia
248,Haematology,White Cell Disorders,Chronic Leukaemia,Chronic Lymphocytic Leukaemia,chronic lymphocytic leukaemia blood smear,CLL small lymphocytes,smudge cells CLL,mature lymphocytes CLL blood film,"microscopy, blood_smear, bone_marrow",5,HIGH,haematology/white_cell_disorders/chronic_leukaemia/chronic_lymphocytic_leukaemia
249,Haematology,White Cell Disorders,Chronic Leukaemia,Hairy Cell Leukaemia,hairy cell leukaemia blood smear,HCL microscopy,hairy lymphocytes blood film,hairy cell leukaemia bone marrow,"microscopy, blood_smear, bone_marrow",3,HIGH,haematology/white_cell_disorders/chronic_leukaemia/hairy_cell_leukaemia
250,Haematology,White Cell Disorders,Lymphoma,Hodgkin Lymphoma,Hodgkin lymphoma Reed-Sternberg cells,Hodgkin's lymphoma histology,Reed-Sternberg cells microscopy,Hodgkin lymphoma lymph node biopsy,"microscopy, histology",5,HIGH,haematology/white_cell_disorders/lymphoma/hodgkin_lymphoma
251,Haematology,White Cell Disorders,Lymphoma,Non Hodgkin Lymphoma,non-Hodgkin lymphoma histology,NHL microscopy,follicular lymphoma,diffuse large B-cell lymphoma,"microscopy, histology, CT",5,HIGH,haematology/white_cell_disorders/lymphoma/non_hodgkin_lymphoma
252,Haematology,White Cell Disorders,Lymphoma,Burkitt Lymphoma,Burkitt lymphoma microscopy,starry sky appearance Burkitt,Burkitt lymphoma histology,high grade B-cell lymphoma,"microscopy, histology",4,HIGH,haematology/white_cell_disorders/lymphoma/burkitt_lymphoma
253,Haematology,White Cell Disorders,Myeloma,Multiple Myeloma,multiple myeloma plasma cells,myeloma bone marrow,plasma cell myeloma microscopy,myeloma skull xray lytic lesions,"microscopy, bone_marrow, xray",5,HIGH,haematology/white_cell_disorders/myeloma/multiple_myeloma
254,Haematology,White Cell Disorders,Myeloma,Waldenstrom Macroglobulinaemia,Waldenstrom macroglobulinaemia bone marrow,lymphoplasmacytic lymphoma,Waldenstrom's microscopy,IgM paraprotein bone marrow,"microscopy, bone_marrow",3,HIGH,haematology/white_cell_disorders/myeloma/waldenstrom_macroglobulinaemia
255,Haematology,White Cell Disorders,Myeloproliferative Disorders,Polycythaemia Vera,polycythaemia vera blood smear,PV blood film,polycythaemia rubra vera,increased haematocrit blood film,"microscopy, blood_smear",4,HIGH,haematology/white_cell_disorders/myeloproliferative_disorders/polycythaemia_vera
256,Haematology,White Cell Disorders,Myeloproliferative Disorders,Essential Thrombocythaemia,essential thrombocythaemia blood smear,ET platelet clumping,thrombocytosis blood film,essential thrombocytosis microscopy,"microscopy, blood_smear",4,HIGH,haematology/white_cell_disorders/myeloproliferative_disorders/essential_thrombocythaemia
257,Haematology,White Cell Disorders,Myeloproliferative Disorders,Myelofibrosis,myelofibrosis bone marrow,primary myelofibrosis,leukoerythroblastic blood film,teardrop cells myelofibrosis,"microscopy, blood_smear, bone_marrow",3,HIGH,haematology/white_cell_disorders/myeloproliferative_disorders/myelofibrosis
258,Haematology,White Cell Disorders,Reactive Conditions,Infectious Mononucleosis,infectious mononucleosis blood smear,atypical lymphocytes EBV,glandular fever blood film,reactive lymphocytes mononucleosis,"microscopy, blood_smear",5,HIGH,haematology/white_cell_disorders/reactive_conditions/infectious_mononucleosis
259,Haematology,White Cell Disorders,Reactive Conditions,Neutrophilia Infection,neutrophilia bacterial infection blood smear,left shift neutrophils,toxic granulation neutrophils,reactive neutrophilia blood film,"microscopy, blood_smear",4,HIGH,haematology/white_cell_disorders/reactive_conditions/neutrophilia_infection
260,Haematology,White Cell Disorders,Reactive Conditions,Eosinophilia,eosinophilia blood smear,increased eosinophils blood film,parasitic eosinophilia,allergic eosinophilia microscopy,"microscopy, blood_smear",4,HIGH,haematology/white_cell_disorders/reactive_conditions/eosinophilia
261,Haematology,Platelet Disorders,Thrombocytopenia,Immune Thrombocytopenia,immune thrombocytopenia blood smear,ITP blood film,idiopathic thrombocytopenic purpura,low platelets ITP microscopy,"microscopy, blood_smear",5,HIGH,haematology/platelet_disorders/thrombocytopenia/immune_thrombocytopenia
262,Haematology,Platelet Disorders,Thrombocytopenia,Thrombotic Thrombocytopenic Purpura,thrombotic thrombocytopenic purpura blood smear,TTP schistocytes,TTP blood film microscopy,microangiopathic TTP,"microscopy, blood_smear",4,HIGH,haematology/platelet_disorders/thrombocytopenia/thrombotic_thrombocytopenic_purpura
263,Haematology,Platelet Disorders,Thrombocytopenia,Heparin Induced Thrombocytopenia,heparin induced thrombocytopenia blood smear,HIT blood film,thrombocytopenia heparin,platelet clumping HIT,"microscopy, blood_smear",4,HIGH,haematology/platelet_disorders/thrombocytopenia/heparin_induced_thrombocytopenia
264,Haematology,Platelet Disorders,Platelet Function Disorders,Von Willebrand Disease,von Willebrand disease blood smear,VWD platelet function,von Willebrand factor deficiency,bleeding disorder VWD,"microscopy, blood_smear",5,HIGH,haematology/platelet_disorders/platelet_function_disorders/von_willebrand_disease
265,Haematology,Platelet Disorders,Platelet Function Disorders,Bernard Soulier Syndrome,Bernard-Soulier syndrome blood smear,giant platelets Bernard-Soulier,BSS microscopy,thrombocytopenia giant platelets,"microscopy, blood_smear",3,HIGH,haematology/platelet_disorders/platelet_function_disorders/bernard_soulier_syndrome
266,Haematology,Coagulation Disorders,Inherited Bleeding Disorders,Haemophilia A,haemophilia A factor VIII deficiency,haemophilia joint bleeding,factor 8 deficiency,X-linked haemophilia,"clinical_photo, xray",5,HIGH,haematology/coagulation_disorders/inherited_bleeding_disorders/haemophilia_a
267,Haematology,Coagulation Disorders,Inherited Bleeding Disorders,Haemophilia B,haemophilia B factor IX deficiency,Christmas disease,factor 9 deficiency,haemophilia B clinical,"clinical_photo, xray",4,HIGH,haematology/coagulation_disorders/inherited_bleeding_disorders/haemophilia_b
268,Haematology,Coagulation Disorders,Acquired Bleeding Disorders,Vitamin K Deficiency,vitamin K deficiency coagulopathy,warfarin coagulopathy,vitamin K deficiency bleeding,prolonged PT vitamin K,clinical_photo,5,HIGH,haematology/coagulation_disorders/acquired_bleeding_disorders/vitamin_k_deficiency
269,Haematology,Coagulation Disorders,Acquired Bleeding Disorders,Disseminated Intravascular Coagulation,disseminated intravascular coagulation blood smear,DIC schistocytes,DIC blood film,consumptive coagulopathy DIC,"microscopy, blood_smear, clinical_photo",5,HIGH,haematology/coagulation_disorders/acquired_bleeding_disorders/disseminated_intravascular_coagulation
270,Haematology,Coagulation Disorders,Acquired Bleeding Disorders,Liver Disease Coagulopathy,liver disease coagulopathy,cirrhosis bleeding disorder,hepatic coagulopathy,liver failure coagulation,clinical_photo,4,HIGH,haematology/coagulation_disorders/acquired_bleeding_disorders/liver_disease_coagulopathy
271,Haematology,Coagulation Disorders,Thrombophilia,Factor V Leiden,factor V Leiden thrombophilia,activated protein C resistance,factor 5 Leiden,inherited thrombophilia factor V,clinical_photo,4,HIGH,haematology/coagulation_disorders/thrombophilia/factor_v_leiden
272,Haematology,Coagulation Disorders,Thrombophilia,Antiphospholipid Syndrome,antiphospholipid syndrome,APS thrombosis,lupus anticoagulant,anticardiolipin antibodies,clinical_photo,5,HIGH,haematology/coagulation_disorders/thrombophilia/antiphospholipid_syndrome
273,Haematology,Coagulation Disorders,Thrombophilia,Protein C Deficiency,protein C deficiency thrombophilia,protein C deficiency thrombosis,inherited protein C deficiency,warfarin necrosis protein C,clinical_photo,3,HIGH,haematology/coagulation_disorders/thrombophilia/protein_c_deficiency
274,Haematology,Coagulation Disorders,Thrombophilia,Protein S Deficiency,protein S deficiency thrombophilia,protein S deficiency thrombosis,inherited protein S deficiency,protein S anticoagulant deficiency,clinical_photo,3,HIGH,haematology/coagulation_disorders/thrombophilia/protein_s_deficiency
275,Haematology,Transfusion Medicine,Blood Products,Packed Red Cells,packed red blood cells transfusion,PRBC blood bag,red cell concentrate,blood transfusion bag,clinical_photo,5,HIGH,haematology/transfusion_medicine/blood_products/packed_red_cells
276,Haematology,Transfusion Medicine,Blood Products,Platelets,platelet concentrate transfusion,platelet bag,thrombocyte transfusion,platelet apheresis product,clinical_photo,4,HIGH,haematology/transfusion_medicine/blood_products/platelets
277,Haematology,Transfusion Medicine,Blood Products,Fresh Frozen Plasma,fresh frozen plasma FFP,FFP transfusion bag,plasma transfusion,coagulation factor replacement FFP,clinical_photo,4,HIGH,haematology/transfusion_medicine/blood_products/fresh_frozen_plasma
278,Haematology,Transfusion Medicine,Blood Products,Cryoprecipitate,cryoprecipitate transfusion,cryo blood product,fibrinogen concentrate,cryoprecipitate bag,clinical_photo,3,HIGH,haematology/transfusion_medicine/blood_products/cryoprecipitate
279,Haematology,Transfusion Medicine,Transfusion Reactions,Acute Haemolytic Reaction,acute haemolytic transfusion reaction,AHTR ABO incompatibility,acute transfusion reaction haemolysis,transfusion haemolysis,clinical_photo,5,HIGH,haematology/transfusion_medicine/transfusion_reactions/acute_haemolytic_reaction
280,Haematology,Transfusion Medicine,Transfusion Reactions,Febrile Non Haemolytic Reaction,febrile non-haemolytic transfusion reaction,FNHTR,transfusion fever,febrile transfusion reaction,clinical_photo,4,HIGH,haematology/transfusion_medicine/transfusion_reactions/febrile_non_haemolytic_reaction
281,Haematology,Transfusion Medicine,Transfusion Reactions,Transfusion Related Acute Lung Injury,transfusion related acute lung injury TRALI,TRALI chest xray,TRALI pulmonary oedema,transfusion lung injury,"chest_xray, clinical_photo",4,HIGH,haematology/transfusion_medicine/transfusion_reactions/transfusion_related_acute_lung_injury
282,Haematology,Transfusion Medicine,Transfusion Reactions,Transfusion Associated Circulatory Overload,transfusion associated circulatory overload TACO,TACO pulmonary oedema,transfusion fluid overload,TACO chest xray,"chest_xray, clinical_photo",4,HIGH,haematology/transfusion_medicine/transfusion_reactions/transfusion_associated_circulatory_overload
283,Haematology,Special Haematology,Parasites,Malaria,malaria blood smear,Plasmodium falciparum blood film,malaria parasites microscopy,malaria ring forms blood smear,"microscopy, blood_smear",5,HIGH,haematology/special_haematology/parasites/malaria
284,Haematology,Special Haematology,Parasites,Babesiosis,babesiosis blood smear,Babesia microscopy,babesiosis blood film,Babesia parasites red cells,"microscopy, blood_smear",3,HIGH,haematology/special_haematology/parasites/babesiosis
285,Haematology,Special Haematology,Red Cell Morphology,Rouleaux Formation,rouleaux formation blood smear,rouleaux red cells,rouleaux myeloma blood film,red cell stacking blood smear,"microscopy, blood_smear",4,HIGH,haematology/special_haematology/red_cell_morphology/rouleaux_formation
286,Haematology,Special Haematology,Red Cell Morphology,Red Cell Agglutination,red cell agglutination blood smear,cold agglutinin blood film,RBC agglutination microscopy,red cell clumping blood smear,"microscopy, blood_smear",3,HIGH,haematology/special_haematology/red_cell_morphology/red_cell_agglutination
287,Haematology,Special Haematology,Red Cell Morphology,Target Cells,target cells blood smear,codocytes blood film,target cells liver disease,target cells thalassaemia,"microscopy, blood_smear",4,HIGH,haematology/special_haematology/red_cell_morphology/target_cells
288,Haematology,Special Haematology,Red Cell Morphology,Acanthocytes,acanthocytes blood smear,spur cells blood film,acanthocytes liver disease,acanthocytes microscopy,"microscopy, blood_smear",3,HIGH,haematology/special_haematology/red_cell_morphology/acanthocytes
289,Neurology,Stroke,Ischaemic Stroke,Anterior Circulation Stroke,anterior circulation stroke CT brain,MCA territory infarct,anterior cerebral artery stroke,middle cerebral artery infarction,"CT, MRI",5,HIGH,neurology/stroke/ischaemic_stroke/anterior_circulation_stroke
290,Neurology,Stroke,Ischaemic Stroke,Posterior Circulation Stroke,posterior circulation stroke CT,basilar artery occlusion,posterior cerebral artery infarct,vertebrobasilar stroke MRI,"CT, MRI",5,HIGH,neurology/stroke/ischaemic_stroke/posterior_circulation_stroke
291,Neurology,Stroke,Ischaemic Stroke,Lacunar Infarct,lacunar infarct MRI brain,small vessel disease stroke,lacunar stroke CT,lacunar syndrome imaging,"MRI, CT",5,HIGH,neurology/stroke/ischaemic_stroke/lacunar_infarct
292,Neurology,Stroke,Ischaemic Stroke,Watershed Infarct,watershed infarct MRI,border zone infarction,hypoperfusion stroke CT,watershed territory stroke,"MRI, CT",4,HIGH,neurology/stroke/ischaemic_stroke/watershed_infarct
293,Neurology,Stroke,Ischaemic Stroke,Embolic Stroke,embolic stroke CT brain,cardioembolic stroke MRI,atrial fibrillation stroke,embolic infarction imaging,"CT, MRI",5,HIGH,neurology/stroke/ischaemic_stroke/embolic_stroke
294,Neurology,Stroke,Haemorrhagic Stroke,Intracerebral Haemorrhage,intracerebral haemorrhage CT,ICH brain CT,hypertensive haemorrhage brain,intraparenchymal haemorrhage,"CT, MRI",5,HIGH,neurology/stroke/haemorrhagic_stroke/intracerebral_haemorrhage
295,Neurology,Stroke,Haemorrhagic Stroke,Subarachnoid Haemorrhage,subarachnoid haemorrhage CT,SAH brain CT scan,aneurysmal SAH,subarachnoid blood CT,"CT, MRI, angiography",5,HIGH,neurology/stroke/haemorrhagic_stroke/subarachnoid_haemorrhage
296,Neurology,Stroke,Haemorrhagic Stroke,Subdural Haematoma,subdural haematoma CT,SDH brain CT scan,acute subdural haematoma,chronic subdural collection,"CT, MRI",5,HIGH,neurology/stroke/haemorrhagic_stroke/subdural_haematoma
297,Neurology,Stroke,Haemorrhagic Stroke,Extradural Haematoma,extradural haematoma CT,epidural haematoma brain,EDH CT scan,middle meningeal artery bleed,"CT, MRI",5,HIGH,neurology/stroke/haemorrhagic_stroke/extradural_haematoma
298,Neurology,Stroke,Transient Ischaemic Attack,Tia Imaging,transient ischaemic attack MRI,TIA brain imaging,diffusion weighted imaging TIA,normal CT brain TIA,"MRI, CT",5,HIGH,neurology/stroke/transient_ischaemic_attack/tia_imaging
299,Neurology,Headache Disorders,Migraine,Migraine With Aura,migraine with aura MRI,migraine brain imaging,classical migraine imaging,migraine aura MRI changes,MRI,4,HIGH,neurology/headache_disorders/migraine/migraine_with_aura
300,Neurology,Headache Disorders,Migraine,Hemiplegic Migraine,hemiplegic migraine MRI,familial hemiplegic migraine,complicated migraine imaging,migraine stroke-like symptoms,MRI,3,HIGH,neurology/headache_disorders/migraine/hemiplegic_migraine
301,Neurology,Headache Disorders,Intracranial Hypertension,Idiopathic Intracranial Hypertension,idiopathic intracranial hypertension MRI,pseudotumour cerebri imaging,empty sella IIH,optic nerve sheath distension,"MRI, fundoscopy",4,HIGH,neurology/headache_disorders/intracranial_hypertension/idiopathic_intracranial_hypertension
302,Neurology,Headache Disorders,Intracranial Hypertension,Hydrocephalus,hydrocephalus CT brain,enlarged ventricles CT,obstructive hydrocephalus MRI,communicating hydrocephalus,"CT, MRI",5,HIGH,neurology/headache_disorders/intracranial_hypertension/hydrocephalus
303,Neurology,Headache Disorders,Temporal Arteritis,Giant Cell Arteritis,giant cell arteritis temporal artery,temporal arteritis biopsy,GCA histology,temporal artery inflammation,"histology, ultrasound",5,HIGH,neurology/headache_disorders/temporal_arteritis/giant_cell_arteritis
304,Neurology,Seizures Epilepsy,Epilepsy Imaging,Mesial Temporal Sclerosis,mesial temporal sclerosis MRI,hippocampal sclerosis,temporal lobe epilepsy MRI,MTS brain imaging,MRI,4,HIGH,neurology/seizures_epilepsy/epilepsy_imaging/mesial_temporal_sclerosis
305,Neurology,Seizures Epilepsy,Epilepsy Imaging,Cortical Dysplasia,cortical dysplasia MRI brain,focal cortical dysplasia,epilepsy cortical malformation,MCD brain MRI,MRI,3,HIGH,neurology/seizures_epilepsy/epilepsy_imaging/cortical_dysplasia
306,Neurology,Seizures Epilepsy,Epilepsy Imaging,Cavernoma,cavernoma brain MRI,cavernous malformation,cerebral cavernoma,cavernous angioma brain,MRI,4,HIGH,neurology/seizures_epilepsy/epilepsy_imaging/cavernoma
307,Neurology,Seizures Epilepsy,Status Epilepticus,Status Epilepticus Imaging,status epilepticus MRI brain,prolonged seizure imaging,status epilepticus CT,post-ictal changes MRI,"MRI, CT",5,HIGH,neurology/seizures_epilepsy/status_epilepticus/status_epilepticus_imaging
308,Neurology,Movement Disorders,Parkinson Disease,Parkinsonism Imaging,Parkinson disease MRI brain,parkinsonism imaging,substantia nigra degeneration,DaTscan Parkinson's,"MRI, nuclear_medicine",5,HIGH,neurology/movement_disorders/parkinson_disease/parkinsonism_imaging
309,Neurology,Movement Disorders,Huntington Disease,Huntington Chorea Imaging,Huntington disease MRI brain,caudate atrophy Huntington's,Huntington chorea imaging,striatal degeneration MRI,MRI,4,HIGH,neurology/movement_disorders/huntington_disease/huntington_chorea_imaging
310,Neurology,Movement Disorders,Essential Tremor,Essential Tremor Imaging,essential tremor brain MRI,benign essential tremor,normal brain MRI tremor,cerebellar imaging tremor,MRI,3,HIGH,neurology/movement_disorders/essential_tremor/essential_tremor_imaging
311,Neurology,Movement Disorders,Dystonia,Dystonia Imaging,dystonia brain MRI,cervical dystonia imaging,focal dystonia,generalised dystonia MRI,"MRI, clinical_photo",3,HIGH,neurology/movement_disorders/dystonia/dystonia_imaging
312,Neurology,Dementia,Alzheimer Disease,Alzheimer Dementia Mri,Alzheimer disease MRI brain,hippocampal atrophy Alzheimer's,Alzheimer dementia imaging,medial temporal lobe atrophy,"MRI, PET",5,HIGH,neurology/dementia/alzheimer_disease/alzheimer_dementia_mri
313,Neurology,Dementia,Alzheimer Disease,Alzheimer Pet Imaging,Alzheimer disease PET scan,amyloid PET imaging,FDG-PET Alzheimer's,temporoparietal hypometabolism,"PET, nuclear_medicine",4,HIGH,neurology/dementia/alzheimer_disease/alzheimer_pet_imaging
314,Neurology,Dementia,Vascular Dementia,Vascular Dementia Imaging,vascular dementia MRI brain,multi-infarct dementia CT,white matter disease dementia,subcortical vascular dementia,"MRI, CT",5,HIGH,neurology/dementia/vascular_dementia/vascular_dementia_imaging
315,Neurology,Dementia,Frontotemporal Dementia,Ftd Imaging,frontotemporal dementia MRI,FTD brain imaging,frontal lobe atrophy dementia,Pick disease MRI,MRI,4,HIGH,neurology/dementia/frontotemporal_dementia/ftd_imaging
316,Neurology,Dementia,Lewy Body Dementia,Dlb Imaging,dementia with Lewy bodies MRI,DLB brain imaging,Lewy body dementia scan,DaTscan DLB,"MRI, nuclear_medicine",4,HIGH,neurology/dementia/lewy_body_dementia/dlb_imaging
317,Neurology,Demyelinating Disease,Multiple Sclerosis,Ms Brain Lesions,multiple sclerosis MRI brain,MS white matter lesions,demyelinating plaques MRI,periventricular MS lesions,MRI,5,HIGH,neurology/demyelinating_disease/multiple_sclerosis/ms_brain_lesions
318,Neurology,Demyelinating Disease,Multiple Sclerosis,Ms Spinal Cord,multiple sclerosis spinal cord MRI,MS cervical spine lesions,demyelinating myelitis,spinal MS plaques,MRI,5,HIGH,neurology/demyelinating_disease/multiple_sclerosis/ms_spinal_cord
319,Neurology,Demyelinating Disease,Multiple Sclerosis,Dawson Fingers,Dawson fingers MS MRI,periventricular MS lesions,multiple sclerosis Dawson fingers,perpendicular MS plaques,MRI,4,HIGH,neurology/demyelinating_disease/multiple_sclerosis/dawson_fingers
320,Neurology,Demyelinating Disease,Neuromyelitis Optica,Nmo Imaging,neuromyelitis optica MRI,NMO spinal cord,Devic disease imaging,longitudinally extensive myelitis,MRI,4,HIGH,neurology/demyelinating_disease/neuromyelitis_optica/nmo_imaging
321,Neurology,Demyelinating Disease,Acute Disseminated Encephalomyelitis,Adem Imaging,acute disseminated encephalomyelitis MRI,ADEM brain imaging,post-infectious demyelination,paediatric ADEM MRI,MRI,4,HIGH,neurology/demyelinating_disease/acute_disseminated_encephalomyelitis/adem_imaging
322,Neurology,Peripheral Neuropathy,Guillain Barre Syndrome,Gbs Nerve Imaging,Guillain-Barre syndrome nerve imaging,GBS MRI spine,nerve root enhancement GBS,acute inflammatory demyelinating polyneuropathy,MRI,5,HIGH,neurology/peripheral_neuropathy/guillain_barre_syndrome/gbs_nerve_imaging
323,Neurology,Peripheral Neuropathy,Diabetic Neuropathy,Diabetic Foot Imaging,diabetic foot MRI,diabetic neuropathy foot,Charcot foot xray,diabetic foot ulcer imaging,"MRI, xray, clinical_photo",5,HIGH,neurology/peripheral_neuropathy/diabetic_neuropathy/diabetic_foot_imaging
324,Neurology,Peripheral Neuropathy,Carpal Tunnel Syndrome,Carpal Tunnel Imaging,carpal tunnel syndrome MRI,median nerve compression,carpal tunnel ultrasound,wrist MRI carpal tunnel,"MRI, ultrasound",4,HIGH,neurology/peripheral_neuropathy/carpal_tunnel_syndrome/carpal_tunnel_imaging
325,Neurology,Spinal Cord Disorders,Spinal Cord Compression,Cervical Myelopathy,cervical myelopathy MRI,cervical cord compression,cervical spondylotic myelopathy,spinal stenosis cervical,"MRI, CT",5,HIGH,neurology/spinal_cord_disorders/spinal_cord_compression/cervical_myelopathy
326,Neurology,Spinal Cord Disorders,Spinal Cord Compression,Spinal Cord Tumour,spinal cord tumour MRI,intramedullary tumour spine,spinal cord mass,ependymoma spinal cord,MRI,4,HIGH,neurology/spinal_cord_disorders/spinal_cord_compression/spinal_cord_tumour
327,Neurology,Spinal Cord Disorders,Spinal Cord Compression,Epidural Abscess,epidural abscess MRI spine,spinal epidural collection,spinal abscess imaging,epidural empyema spine,MRI,5,HIGH,neurology/spinal_cord_disorders/spinal_cord_compression/epidural_abscess
328,Neurology,Spinal Cord Disorders,Myelitis,Transverse Myelitis,transverse myelitis MRI,acute myelitis spinal cord,inflammatory myelopathy,spinal cord inflammation MRI,MRI,5,HIGH,neurology/spinal_cord_disorders/myelitis/transverse_myelitis
329,Neurology,Spinal Cord Disorders,Syringomyelia,Syrinx Spinal Cord,syringomyelia MRI,syrinx spinal cord,spinal cord cavity MRI,post-traumatic syrinx,MRI,4,HIGH,neurology/spinal_cord_disorders/syringomyelia/syrinx_spinal_cord
330,Neurology,Brain Tumours,Primary Brain Tumours,Glioblastoma,glioblastoma MRI brain,GBM brain tumour,grade 4 glioma,malignant glioma MRI,"MRI, CT",5,HIGH,neurology/brain_tumours/primary_brain_tumours/glioblastoma
331,Neurology,Brain Tumours,Primary Brain Tumours,Meningioma,meningioma MRI brain,meningioma CT,extra-axial brain tumour,meningioma contrast enhancement,"MRI, CT",5,HIGH,neurology/brain_tumours/primary_brain_tumours/meningioma
332,Neurology,Brain Tumours,Primary Brain Tumours,Pituitary Adenoma,pituitary adenoma MRI,pituitary macroadenoma,pituitary microadenoma,sellar mass MRI,MRI,5,HIGH,neurology/brain_tumours/primary_brain_tumours/pituitary_adenoma
333,Neurology,Brain Tumours,Primary Brain Tumours,Acoustic Neuroma,acoustic neuroma MRI,vestibular schwannoma,cerebellopontine angle tumour,CPA mass MRI,MRI,5,HIGH,neurology/brain_tumours/primary_brain_tumours/acoustic_neuroma
334,Neurology,Brain Tumours,Primary Brain Tumours,Astrocytoma,astrocytoma MRI brain,low grade glioma,pilocytic astrocytoma,diffuse astrocytoma MRI,MRI,4,HIGH,neurology/brain_tumours/primary_brain_tumours/astrocytoma
335,Neurology,Brain Tumours,Primary Brain Tumours,Oligodendroglioma,oligodendroglioma MRI,oligodendroglioma calcification CT,frontal lobe oligodendroglioma,oligodendroglial tumour,"MRI, CT",3,HIGH,neurology/brain_tumours/primary_brain_tumours/oligodendroglioma
336,Neurology,Brain Tumours,Metastatic Brain Tumours,Brain Metastases,brain metastases MRI,cerebral metastases CT,multiple brain metastases,brain mets imaging,"MRI, CT",5,HIGH,neurology/brain_tumours/metastatic_brain_tumours/brain_metastases
337,Neurology,Infections,Meningitis,Bacterial Meningitis,bacterial meningitis MRI brain,meningitis CT scan,meningeal enhancement MRI,purulent meningitis imaging,"MRI, CT",5,HIGH,neurology/infections/meningitis/bacterial_meningitis
338,Neurology,Infections,Meningitis,Viral Meningitis,viral meningitis MRI,aseptic meningitis imaging,viral meningoencephalitis,enteroviral meningitis MRI,MRI,4,HIGH,neurology/infections/meningitis/viral_meningitis
339,Neurology,Infections,Meningitis,Tuberculous Meningitis,tuberculous meningitis MRI brain,TB meningitis imaging,basal meningeal enhancement TB,tuberculous meningitis CT,"MRI, CT",5,HIGH,neurology/infections/meningitis/tuberculous_meningitis
340,Neurology,Infections,Encephalitis,Herpes Simplex Encephalitis,herpes simplex encephalitis MRI,HSV encephalitis brain,temporal lobe encephalitis,HSE imaging,"MRI, CT",5,HIGH,neurology/infections/encephalitis/herpes_simplex_encephalitis
341,Neurology,Infections,Encephalitis,Japanese Encephalitis,Japanese encephalitis MRI,JE brain imaging,thalamic involvement encephalitis,arboviral encephalitis MRI,MRI,4,HIGH,neurology/infections/encephalitis/japanese_encephalitis
342,Neurology,Infections,Brain Abscess,Cerebral Abscess,brain abscess MRI,cerebral abscess CT,ring enhancing lesion brain,pyogenic brain abscess,"MRI, CT",5,HIGH,neurology/infections/brain_abscess/cerebral_abscess
343,Neurology,Infections,Brain Abscess,Toxoplasmosis Brain,cerebral toxoplasmosis MRI,toxoplasma brain abscess,HIV toxoplasmosis brain,multiple ring enhancing lesions,"MRI, CT",4,HIGH,neurology/infections/brain_abscess/toxoplasmosis_brain
344,Neurology,Neuromuscular Disorders,Myasthenia Gravis,Myasthenia Gravis Imaging,myasthenia gravis thymus CT,thymoma myasthenia,thymic hyperplasia MG,anterior mediastinal mass myasthenia,"CT, MRI",5,HIGH,neurology/neuromuscular_disorders/myasthenia_gravis/myasthenia_gravis_imaging
345,Neurology,Neuromuscular Disorders,Motor Neurone Disease,Amyotrophic Lateral Sclerosis,amyotrophic lateral sclerosis MRI,ALS motor neurone disease,MND brain imaging,corticospinal tract ALS,MRI,5,HIGH,neurology/neuromuscular_disorders/motor_neurone_disease/amyotrophic_lateral_sclerosis
346,Neurology,Neuromuscular Disorders,Muscular Dystrophy,Duchenne Muscular Dystrophy,Duchenne muscular dystrophy MRI,DMD muscle imaging,muscular dystrophy thigh MRI,pseudohypertrophy calf DMD,"MRI, clinical_photo",4,HIGH,neurology/neuromuscular_disorders/muscular_dystrophy/duchenne_muscular_dystrophy
347,Neurology,Cranial Nerve Disorders,Optic Neuritis,Optic Nerve Inflammation,optic neuritis MRI,optic nerve enhancement,demyelinating optic neuritis,MS optic neuritis imaging,MRI,5,HIGH,neurology/cranial_nerve_disorders/optic_neuritis/optic_nerve_inflammation
348,Neurology,Cranial Nerve Disorders,Trigeminal Neuralgia,Trigeminal Nerve Compression,trigeminal neuralgia MRI,trigeminal nerve compression,vascular compression trigeminal,tic douloureux imaging,MRI,4,HIGH,neurology/cranial_nerve_disorders/trigeminal_neuralgia/trigeminal_nerve_compression
349,Neurology,Cranial Nerve Disorders,Bells Palsy,Facial Nerve Palsy,Bell's palsy clinical photo,facial nerve palsy,lower motor neurone facial weakness,facial droop Bell's palsy,"clinical_photo, MRI",5,HIGH,neurology/cranial_nerve_disorders/bells_palsy/facial_nerve_palsy
350,Neurology,Congenital Developmental,Chiari Malformation,Chiari Type 1,Chiari malformation type 1 MRI,Chiari 1 cerebellar tonsils,tonsillar herniation MRI,Arnold-Chiari malformation,MRI,4,HIGH,neurology/congenital_developmental/chiari_malformation/chiari_type_1
351,Neurology,Congenital Developmental,Chiari Malformation,Chiari Type 2,Chiari malformation type 2 MRI,Chiari 2 myelomeningocele,hindbrain herniation,Chiari 2 hydrocephalus,MRI,3,HIGH,neurology/congenital_developmental/chiari_malformation/chiari_type_2
352,Neurology,Congenital Developmental,Dandy Walker Malformation,Dandy Walker Syndrome,Dandy-Walker malformation MRI,Dandy-Walker syndrome,posterior fossa cyst,cerebellar hypoplasia Dandy-Walker,"MRI, CT",3,HIGH,neurology/congenital_developmental/dandy_walker_malformation/dandy_walker_syndrome
353,Neurology,Congenital Developmental,Neural Tube Defects,Spina Bifida Aperta,spina bifida aperta imaging,myelomeningocele MRI,open neural tube defect,spina bifida ultrasound,"MRI, ultrasound, clinical_photo",4,HIGH,neurology/congenital_developmental/neural_tube_defects/spina_bifida_aperta
354,Neurology,Congenital Developmental,Neural Tube Defects,Spina Bifida Occulta,spina bifida occulta X-ray,occult spinal dysraphism,tethered cord MRI,spina bifida occulta lumbar,"X-ray, MRI",3,HIGH,neurology/congenital_developmental/neural_tube_defects/spina_bifida_occulta
355,Neurology,Congenital Developmental,Corpus Callosum Abnormalities,Agenesis Corpus Callosum,agenesis of corpus callosum MRI,absent corpus callosum,colpocephaly imaging,corpus callosum dysgenesis,"MRI, CT",3,HIGH,neurology/congenital_developmental/corpus_callosum_abnormalities/agenesis_corpus_callosum
356,Neurology,Metabolic Toxic,Wernicke Encephalopathy,Mammillary Body Signal,Wernicke encephalopathy MRI,mammillary body enhancement,thiamine deficiency brain,Wernicke's encephalopathy imaging,MRI,5,HIGH,neurology/metabolic_toxic/wernicke_encephalopathy/mammillary_body_signal
357,Neurology,Metabolic Toxic,Wernicke Encephalopathy,Thalamic Signal Change,Wernicke thalamus MRI,thalamic signal Wernicke,medial thalamic lesion thiamine,periaqueductal Wernicke,MRI,4,HIGH,neurology/metabolic_toxic/wernicke_encephalopathy/thalamic_signal_change
358,Neurology,Metabolic Toxic,Central Pontine Myelinolysis,Osmotic Demyelination,central pontine myelinolysis MRI,osmotic demyelination syndrome,CPM pons signal,hyponatraemia correction complication,MRI,4,HIGH,neurology/metabolic_toxic/central_pontine_myelinolysis/osmotic_demyelination
359,Neurology,Metabolic Toxic,Hepatic Encephalopathy,Basal Ganglia Signal,hepatic encephalopathy MRI,basal ganglia T1 hyperintensity,liver failure brain imaging,hyperammonaemia brain MRI,MRI,4,HIGH,neurology/metabolic_toxic/hepatic_encephalopathy/basal_ganglia_signal
360,Neurology,Metabolic Toxic,Posterior Reversible Encephalopathy,Pres Vasogenic Oedema,PRES syndrome MRI,posterior reversible encephalopathy,vasogenic oedema parieto-occipital,eclampsia brain imaging,"MRI, CT",5,HIGH,neurology/metabolic_toxic/posterior_reversible_encephalopathy/pres_vasogenic_oedema
361,Neurology,Metabolic Toxic,Wilson Disease,Basal Ganglia Copper,Wilson disease MRI brain,basal ganglia copper deposition,Wilson disease lentiform nuclei,hepatolenticular degeneration,MRI,4,HIGH,neurology/metabolic_toxic/wilson_disease/basal_ganglia_copper
362,Neurology,Metabolic Toxic,Wilson Disease,Kayser Fleischer Rings,Kayser-Fleischer rings,Wilson disease corneal rings,copper corneal deposition,slit lamp Kayser-Fleischer,clinical_photo,5,HIGH,neurology/metabolic_toxic/wilson_disease/kayser_fleischer_rings
363,Neurology,Metabolic Toxic,Carbon Monoxide Poisoning,Globus Pallidus Necrosis,carbon monoxide poisoning brain MRI,globus pallidus necrosis CO,CO poisoning basal ganglia,carbon monoxide brain injury,"MRI, CT",4,HIGH,neurology/metabolic_toxic/carbon_monoxide_poisoning/globus_pallidus_necrosis
364,Neurology,Cerebrovascular Malformations,Arteriovenous Malformation,Brain Avm,arteriovenous malformation brain,cerebral AVM angiography,brain AVM MRI,AVM nidus imaging,"MRI, CT_angiography, digital_subtraction_angiography",5,HIGH,neurology/cerebrovascular_malformations/arteriovenous_malformation/brain_avm
365,Neurology,Cerebrovascular Malformations,Arteriovenous Malformation,Spinal Avm,spinal arteriovenous malformation,spinal cord AVM,spinal dural fistula,spinal vascular malformation,"MRI, angiography",3,HIGH,neurology/cerebrovascular_malformations/arteriovenous_malformation/spinal_avm
366,Neurology,Cerebrovascular Malformations,Cavernous Malformation,Brain Cavernoma Additional,cerebral cavernous malformation,cavernoma popcorn appearance,cavernous angioma MRI,cavernoma multiple,MRI,4,HIGH,neurology/cerebrovascular_malformations/cavernous_malformation/brain_cavernoma_additional
367,Neurology,Cerebrovascular Malformations,Cerebral Aneurysm,Saccular Aneurysm,saccular aneurysm brain,berry aneurysm cerebral,anterior communicating artery aneurysm,MCA bifurcation aneurysm,"CT_angiography, MRI_angiography, digital_subtraction_angiography",5,HIGH,neurology/cerebrovascular_malformations/cerebral_aneurysm/saccular_aneurysm
368,Neurology,Cerebrovascular Malformations,Cerebral Aneurysm,Fusiform Aneurysm,fusiform aneurysm basilar,atherosclerotic aneurysm brain,fusiform cerebral aneurysm,dolichoectasia basilar artery,"MRI_angiography, CT_angiography",4,HIGH,neurology/cerebrovascular_malformations/cerebral_aneurysm/fusiform_aneurysm
369,Neurology,Cerebrovascular Malformations,Venous Sinus Thrombosis,Superior Sagittal Sinus Thrombosis,superior sagittal sinus thrombosis,SSS thrombosis MRI,cerebral venous thrombosis,empty delta sign thrombosis,"MRI, CT_venography, MRI_venography",5,HIGH,neurology/cerebrovascular_malformations/venous_sinus_thrombosis/superior_sagittal_sinus_thrombosis
370,Neurology,Cerebrovascular Malformations,Venous Sinus Thrombosis,Transverse Sinus Thrombosis,transverse sinus thrombosis,lateral sinus thrombosis MRI,sigmoid sinus thrombosis,venous infarction thrombosis,"MRI, CT_venography, MRI_venography",5,HIGH,neurology/cerebrovascular_malformations/venous_sinus_thrombosis/transverse_sinus_thrombosis
371,Neurology,Traumatic Brain Injury,Diffuse Axonal Injury,Dai Corpus Callosum,diffuse axonal injury MRI,DAI corpus callosum,traumatic brain injury shear,diffuse axonal injury GRE,MRI,5,HIGH,neurology/traumatic_brain_injury/diffuse_axonal_injury/dai_corpus_callosum
372,Neurology,Traumatic Brain Injury,Diffuse Axonal Injury,Dai Grey White Junction,DAI grey white matter junction,diffuse axonal injury cortical,traumatic microhaemorrhages,shear injury brain MRI,MRI,4,HIGH,neurology/traumatic_brain_injury/diffuse_axonal_injury/dai_grey_white_junction
373,Neurology,Traumatic Brain Injury,Contusion,Cerebral Contusion,cerebral contusion CT,brain contusion traumatic,contrecoup injury brain,haemorrhagic contusion,"CT, MRI",5,HIGH,neurology/traumatic_brain_injury/contusion/cerebral_contusion
374,Neurology,Traumatic Brain Injury,Skull Fractures,Linear Skull Fracture,linear skull fracture CT,skull fracture X-ray,skull base fracture,temporal bone fracture,"CT, X-ray",5,HIGH,neurology/traumatic_brain_injury/skull_fractures/linear_skull_fracture
375,Neurology,Traumatic Brain Injury,Skull Fractures,Depressed Skull Fracture,depressed skull fracture CT,depressed fracture 3D reconstruction,comminuted skull fracture,depressed skull fracture clinical,"CT, X-ray, clinical_photo",4,HIGH,neurology/traumatic_brain_injury/skull_fractures/depressed_skull_fracture
376,Neurology,Neuro Ophthalmology,Papilloedema,Raised Icp Papilloedema,papilloedema fundoscopy,optic disc swelling,raised intracranial pressure disc,papilloedema retinal photo,"fundoscopy, clinical_photo",5,HIGH,neurology/neuro_ophthalmology/papilloedema/raised_icp_papilloedema
377,Neurology,Neuro Ophthalmology,Optic Atrophy,Primary Optic Atrophy,optic atrophy fundoscopy,pale optic disc,optic nerve atrophy,optic atrophy retinal photo,"fundoscopy, clinical_photo",4,HIGH,neurology/neuro_ophthalmology/optic_atrophy/primary_optic_atrophy
378,Neurology,Neuro Ophthalmology,Visual Field Defects,Homonymous Hemianopia,homonymous hemianopia visual field,visual field defect stroke,hemianopia perimetry,occipital stroke visual field,"diagram, perimetry",5,HIGH,neurology/neuro_ophthalmology/visual_field_defects/homonymous_hemianopia
379,Neurology,Neuro Ophthalmology,Visual Field Defects,Bitemporal Hemianopia,bitemporal hemianopia visual field,pituitary tumour visual field,chiasmal compression,bitemporal field defect,"diagram, perimetry",5,HIGH,neurology/neuro_ophthalmology/visual_field_defects/bitemporal_hemianopia
380,Neurology,Neuro Ophthalmology,Horner Syndrome,Horner Clinical,Horner syndrome clinical photo,miosis ptosis anhidrosis,Horner's syndrome eye,oculosympathetic paresis,clinical_photo,5,HIGH,neurology/neuro_ophthalmology/horner_syndrome/horner_clinical
381,Neurology,Neuro Ophthalmology,Internuclear Ophthalmoplegia,Ino Mlf Lesion,internuclear ophthalmoplegia INO,MLF lesion MRI,medial longitudinal fasciculus,INO multiple sclerosis,"MRI, clinical_photo",4,HIGH,neurology/neuro_ophthalmology/internuclear_ophthalmoplegia/ino_mlf_lesion
382,Neurology,Neuro Ophthalmology,Third Nerve Palsy,Oculomotor Nerve Palsy,third nerve palsy clinical photo,oculomotor nerve palsy,CN3 palsy ptosis,third nerve palsy down and out,clinical_photo,5,HIGH,neurology/neuro_ophthalmology/third_nerve_palsy/oculomotor_nerve_palsy
383,Neurology,Neuro Ophthalmology,Sixth Nerve Palsy,Abducens Nerve Palsy,sixth nerve palsy clinical,abducens nerve palsy,CN6 palsy lateral rectus,sixth nerve palsy convergent squint,clinical_photo,5,HIGH,neurology/neuro_ophthalmology/sixth_nerve_palsy/abducens_nerve_palsy
384,Neurology,Neuro Ophthalmology,Fourth Nerve Palsy,Trochlear Nerve Palsy,fourth nerve palsy clinical,trochlear nerve palsy,CN4 palsy superior oblique,fourth nerve palsy head tilt,clinical_photo,4,HIGH,neurology/neuro_ophthalmology/fourth_nerve_palsy/trochlear_nerve_palsy
385,Neurology,Electrophysiology,Eeg Findings,Status Epilepticus Eeg,status epilepticus EEG,continuous seizure EEG,non-convulsive status EEG,epileptic activity EEG,EEG,5,HIGH,neurology/electrophysiology/eeg_findings/status_epilepticus_eeg
386,Neurology,Electrophysiology,Eeg Findings,Spike Wave Eeg,3Hz spike wave EEG,absence seizure EEG,generalized spike wave,petit mal EEG pattern,EEG,4,HIGH,neurology/electrophysiology/eeg_findings/spike_wave_eeg
387,Neurology,Electrophysiology,Eeg Findings,Focal Epileptiform Eeg,focal epileptiform discharge,temporal lobe epilepsy EEG,focal seizure EEG,interictal spikes EEG,EEG,4,HIGH,neurology/electrophysiology/eeg_findings/focal_epileptiform_eeg
388,Neurology,Electrophysiology,Eeg Findings,Hypsarrhythmia Eeg,hypsarrhythmia EEG,infantile spasms EEG,West syndrome EEG,chaotic high voltage EEG,EEG,4,HIGH,neurology/electrophysiology/eeg_findings/hypsarrhythmia_eeg
389,Gastroenterology,Oesophageal Disorders,Oesophagitis,Reflux Oesophagitis,reflux oesophagitis endoscopy,GORD oesophageal mucosa,erosive oesophagitis,Barrett's oesophagus endoscopy,endoscopy,5,HIGH,gastroenterology/oesophageal_disorders/oesophagitis/reflux_oesophagitis
390,Gastroenterology,Oesophageal Disorders,Oesophagitis,Eosinophilic Oesophagitis,eosinophilic oesophagitis endoscopy,ringed oesophagus,feline oesophagus,eosinophilic oesophagitis histology,"endoscopy, microscopy",4,HIGH,gastroenterology/oesophageal_disorders/oesophagitis/eosinophilic_oesophagitis
391,Gastroenterology,Oesophageal Disorders,Oesophagitis,Candida Oesophagitis,Candida oesophagitis endoscopy,oesophageal thrush,fungal oesophagitis,Candida plaques oesophagus,endoscopy,4,HIGH,gastroenterology/oesophageal_disorders/oesophagitis/candida_oesophagitis
392,Gastroenterology,Oesophageal Disorders,Oesophageal Varices,Gastric Varices,oesophageal varices endoscopy,gastric varices portal hypertension,variceal bleeding endoscopy,oesophageal varices banding,endoscopy,5,HIGH,gastroenterology/oesophageal_disorders/oesophageal_varices/gastric_varices
393,Gastroenterology,Oesophageal Disorders,Oesophageal Cancer,Oesophageal Adenocarcinoma,oesophageal adenocarcinoma endoscopy,distal oesophageal cancer,oesophageal tumour CT,oesophageal carcinoma barium,"endoscopy, CT, barium_swallow",5,HIGH,gastroenterology/oesophageal_disorders/oesophageal_cancer/oesophageal_adenocarcinoma
394,Gastroenterology,Oesophageal Disorders,Oesophageal Cancer,Oesophageal Squamous Cell,oesophageal squamous cell carcinoma,mid oesophageal cancer,squamous oesophageal cancer endoscopy,oesophageal SCC imaging,"endoscopy, CT",4,HIGH,gastroenterology/oesophageal_disorders/oesophageal_cancer/oesophageal_squamous_cell
395,Gastroenterology,Oesophageal Disorders,Achalasia,Achalasia Barium,achalasia barium swallow,bird's beak sign oesophagus,achalasia manometry,achalasia dilated oesophagus,"barium_swallow, manometry",5,HIGH,gastroenterology/oesophageal_disorders/achalasia/achalasia_barium
396,Gastroenterology,Oesophageal Disorders,Mallory Weiss Tear,Oesophageal Tear,Mallory-Weiss tear endoscopy,oesophageal mucosal tear,Mallory-Weiss laceration,haematemesis tear endoscopy,endoscopy,4,HIGH,gastroenterology/oesophageal_disorders/mallory_weiss_tear/oesophageal_tear
397,Gastroenterology,Gastric Disorders,Peptic Ulcer Disease,Gastric Ulcer,gastric ulcer endoscopy,stomach ulcer,gastric ulcer crater,peptic ulcer stomach,endoscopy,5,HIGH,gastroenterology/gastric_disorders/peptic_ulcer_disease/gastric_ulcer
398,Gastroenterology,Gastric Disorders,Peptic Ulcer Disease,Duodenal Ulcer,duodenal ulcer endoscopy,duodenal bulb ulcer,peptic ulcer duodenum,D1 ulcer endoscopy,endoscopy,5,HIGH,gastroenterology/gastric_disorders/peptic_ulcer_disease/duodenal_ulcer
399,Gastroenterology,Gastric Disorders,Peptic Ulcer Disease,Perforated Peptic Ulcer,perforated peptic ulcer CT,pneumoperitoneum ulcer,free air under diaphragm,perforated ulcer X-ray,"CT, X-ray",5,HIGH,gastroenterology/gastric_disorders/peptic_ulcer_disease/perforated_peptic_ulcer
400,Gastroenterology,Gastric Disorders,Gastritis,Helicobacter Pylori Gastritis,H. pylori gastritis endoscopy,Helicobacter pylori histology,H. pylori gastric mucosa,H. pylori silver stain,"endoscopy, microscopy",5,HIGH,gastroenterology/gastric_disorders/gastritis/helicobacter_pylori_gastritis
401,Gastroenterology,Gastric Disorders,Gastritis,Atrophic Gastritis,atrophic gastritis endoscopy,autoimmune gastritis,pernicious anaemia gastritis,atrophic gastric mucosa,"endoscopy, microscopy",4,HIGH,gastroenterology/gastric_disorders/gastritis/atrophic_gastritis
402,Gastroenterology,Gastric Disorders,Gastric Cancer,Gastric Adenocarcinoma,gastric adenocarcinoma endoscopy,stomach cancer,gastric carcinoma CT,gastric tumour endoscopy,"endoscopy, CT",5,HIGH,gastroenterology/gastric_disorders/gastric_cancer/gastric_adenocarcinoma
403,Gastroenterology,Gastric Disorders,Gastric Cancer,Linitis Plastica,linitis plastica stomach,diffuse gastric cancer,leather bottle stomach,linitis plastica barium,"CT, barium_swallow, endoscopy",4,HIGH,gastroenterology/gastric_disorders/gastric_cancer/linitis_plastica
404,Gastroenterology,Gastric Disorders,Gastric Cancer,Gastric Lymphoma,gastric MALT lymphoma,gastric lymphoma endoscopy,stomach lymphoma CT,MALT lymphoma gastric,"endoscopy, CT",4,HIGH,gastroenterology/gastric_disorders/gastric_cancer/gastric_lymphoma
405,Gastroenterology,Gastric Disorders,Gastric Polyps,Hyperplastic Polyps,gastric polyps endoscopy,hyperplastic gastric polyps,gastric fundic gland polyps,stomach polyps endoscopy,endoscopy,3,HIGH,gastroenterology/gastric_disorders/gastric_polyps/hyperplastic_polyps
406,Gastroenterology,Small Bowel Disorders,Coeliac Disease,Villous Atrophy,coeliac disease duodenal biopsy,villous atrophy histology,coeliac disease microscopy,flat duodenal mucosa coeliac,microscopy,5,HIGH,gastroenterology/small_bowel_disorders/coeliac_disease/villous_atrophy
407,Gastroenterology,Small Bowel Disorders,Coeliac Disease,Marsh Classification,Marsh classification coeliac,coeliac disease grading,Marsh 3 coeliac,coeliac disease staging histology,"microscopy, diagram",4,HIGH,gastroenterology/small_bowel_disorders/coeliac_disease/marsh_classification
408,Gastroenterology,Small Bowel Disorders,Crohns Disease,Terminal Ileum Crohns,Crohn's disease terminal ileum,ileocaecal Crohn's endoscopy,Crohn's disease cobblestoning,ileal Crohn's MRI,"endoscopy, MRI, CT",5,HIGH,gastroenterology/small_bowel_disorders/crohns_disease/terminal_ileum_crohns
409,Gastroenterology,Small Bowel Disorders,Crohns Disease,Crohns Fistula,Crohn's disease fistula MRI,perianal fistula Crohn's,enterocutaneous fistula,fistulising Crohn's imaging,"MRI, CT",5,HIGH,gastroenterology/small_bowel_disorders/crohns_disease/crohns_fistula
410,Gastroenterology,Small Bowel Disorders,Crohns Disease,Crohns Stricture,Crohn's disease stricture,small bowel stricture Crohn's,fibrostenotic Crohn's,Crohn's stricture MRI,"MRI, CT, barium_follow_through",4,HIGH,gastroenterology/small_bowel_disorders/crohns_disease/crohns_stricture
411,Gastroenterology,Small Bowel Disorders,Small Bowel Obstruction,Mechanical Sbo,small bowel obstruction CT,dilated small bowel loops,SBO X-ray,small bowel obstruction imaging,"CT, X-ray",5,HIGH,gastroenterology/small_bowel_disorders/small_bowel_obstruction/mechanical_sbo
412,Gastroenterology,Small Bowel Disorders,Small Bowel Obstruction,Adhesional Obstruction,adhesional small bowel obstruction,post-surgical adhesions,adhesive SBO CT,transition point adhesions,CT,5,HIGH,gastroenterology/small_bowel_disorders/small_bowel_obstruction/adhesional_obstruction
413,Gastroenterology,Small Bowel Disorders,Mesenteric Ischaemia,Acute Mesenteric Ischaemia,acute mesenteric ischaemia CT,SMA occlusion,mesenteric infarction,ischaemic bowel CT,"CT_angiography, CT",5,HIGH,gastroenterology/small_bowel_disorders/mesenteric_ischaemia/acute_mesenteric_ischaemia
414,Gastroenterology,Small Bowel Disorders,Mesenteric Ischaemia,Chronic Mesenteric Ischaemia,chronic mesenteric ischaemia,mesenteric angina imaging,SMA stenosis,chronic bowel ischaemia CT,CT_angiography,4,HIGH,gastroenterology/small_bowel_disorders/mesenteric_ischaemia/chronic_mesenteric_ischaemia
415,Gastroenterology,Colorectal Disorders,Ulcerative Colitis,Pancolitis,ulcerative colitis colonoscopy,pancolitis endoscopy,UC mucosal inflammation,ulcerative colitis friable mucosa,endoscopy,5,HIGH,gastroenterology/colorectal_disorders/ulcerative_colitis/pancolitis
416,Gastroenterology,Colorectal Disorders,Ulcerative Colitis,Left Sided Colitis,left-sided ulcerative colitis,distal UC colonoscopy,proctosigmoiditis,left colon inflammation UC,endoscopy,4,HIGH,gastroenterology/colorectal_disorders/ulcerative_colitis/left_sided_colitis
417,Gastroenterology,Colorectal Disorders,Ulcerative Colitis,Toxic Megacolon,toxic megacolon X-ray,toxic megacolon CT,fulminant colitis imaging,toxic megacolon UC,"X-ray, CT",5,HIGH,gastroenterology/colorectal_disorders/ulcerative_colitis/toxic_megacolon
418,Gastroenterology,Colorectal Disorders,Colorectal Cancer,Colon Adenocarcinoma,colorectal cancer colonoscopy,colon adenocarcinoma,bowel cancer endoscopy,colonic tumour CT,"endoscopy, CT",5,HIGH,gastroenterology/colorectal_disorders/colorectal_cancer/colon_adenocarcinoma
419,Gastroenterology,Colorectal Disorders,Colorectal Cancer,Rectal Cancer,rectal cancer MRI,rectal tumour endoscopy,rectal adenocarcinoma,rectal cancer staging MRI,"MRI, endoscopy",5,HIGH,gastroenterology/colorectal_disorders/colorectal_cancer/rectal_cancer
420,Gastroenterology,Colorectal Disorders,Colonic Polyps,Adenomatous Polyp,adenomatous polyp colonoscopy,tubular adenoma colon,colonic adenoma,adenomatous polyp histology,"endoscopy, microscopy",5,HIGH,gastroenterology/colorectal_disorders/colonic_polyps/adenomatous_polyp
421,Gastroenterology,Colorectal Disorders,Colonic Polyps,Villous Adenoma,villous adenoma colonoscopy,villous polyp colon,tubulovillous adenoma,villous adenoma histology,"endoscopy, microscopy",4,HIGH,gastroenterology/colorectal_disorders/colonic_polyps/villous_adenoma
422,Gastroenterology,Colorectal Disorders,Colonic Polyps,Hyperplastic Polyp Colon,hyperplastic polyp colonoscopy,hyperplastic colon polyp,serrated polyp colon,hyperplastic polyp histology,"endoscopy, microscopy",3,HIGH,gastroenterology/colorectal_disorders/colonic_polyps/hyperplastic_polyp_colon
423,Gastroenterology,Colorectal Disorders,Diverticular Disease,Diverticulosis,diverticulosis colonoscopy,colonic diverticula,diverticular disease CT,sigmoid diverticulosis,"endoscopy, CT",5,HIGH,gastroenterology/colorectal_disorders/diverticular_disease/diverticulosis
424,Gastroenterology,Colorectal Disorders,Diverticular Disease,Diverticulitis,acute diverticulitis CT,diverticulitis inflammation,complicated diverticulitis,diverticular abscess CT,CT,5,HIGH,gastroenterology/colorectal_disorders/diverticular_disease/diverticulitis
425,Gastroenterology,Colorectal Disorders,Diverticular Disease,Diverticular Perforation,perforated diverticulitis CT,diverticular perforation,Hinchey classification,diverticular peritonitis,CT,5,HIGH,gastroenterology/colorectal_disorders/diverticular_disease/diverticular_perforation
426,Gastroenterology,Colorectal Disorders,Haemorrhoids,Internal Haemorrhoids,internal haemorrhoids colonoscopy,haemorrhoids proctoscopy,haemorrhoidal disease,internal piles endoscopy,"endoscopy, clinical_photo",4,HIGH,gastroenterology/colorectal_disorders/haemorrhoids/internal_haemorrhoids
427,Gastroenterology,Colorectal Disorders,Haemorrhoids,External Haemorrhoids,external haemorrhoids clinical photo,thrombosed external haemorrhoid,perianal haemorrhoids,external piles photo,clinical_photo,4,HIGH,gastroenterology/colorectal_disorders/haemorrhoids/external_haemorrhoids
428,Gastroenterology,Colorectal Disorders,Ischaemic Colitis,Ischaemic Colitis Colonoscopy,ischaemic colitis colonoscopy,ischaemic colitis CT,colonic ischaemia endoscopy,ischaemic colitis thumbprinting,"endoscopy, CT",5,HIGH,gastroenterology/colorectal_disorders/ischaemic_colitis/ischaemic_colitis_colonoscopy
429,Gastroenterology,Hepatobiliary Disorders,Cirrhosis,Alcoholic Cirrhosis,cirrhosis CT liver,alcoholic liver disease,cirrhotic liver imaging,liver cirrhosis ultrasound,"CT, ultrasound, MRI",5,HIGH,gastroenterology/hepatobiliary_disorders/cirrhosis/alcoholic_cirrhosis
430,Gastroenterology,Hepatobiliary Disorders,Cirrhosis,Portal Hypertension,portal hypertension CT,splenomegaly portal hypertension,portosystemic collaterals,caput medusae clinical,"CT, ultrasound, clinical_photo",5,HIGH,gastroenterology/hepatobiliary_disorders/cirrhosis/portal_hypertension
431,Gastroenterology,Hepatobiliary Disorders,Cirrhosis,Ascites Cirrhosis,ascites ultrasound,ascites CT abdomen,cirrhotic ascites,ascites clinical photo,"ultrasound, CT, clinical_photo",5,HIGH,gastroenterology/hepatobiliary_disorders/cirrhosis/ascites_cirrhosis
432,Gastroenterology,Hepatobiliary Disorders,Hepatocellular Carcinoma,Hcc Arterial Phase,hepatocellular carcinoma CT,HCC arterial enhancement,liver cancer MRI,HCC imaging,"CT, MRI",5,HIGH,gastroenterology/hepatobiliary_disorders/hepatocellular_carcinoma/hcc_arterial_phase
433,Gastroenterology,Hepatobiliary Disorders,Hepatocellular Carcinoma,Hcc Washout,HCC washout portal venous phase,hepatocellular carcinoma washout,HCC delayed phase,HCC capsule enhancement,"CT, MRI",4,HIGH,gastroenterology/hepatobiliary_disorders/hepatocellular_carcinoma/hcc_washout
434,Gastroenterology,Hepatobiliary Disorders,Liver Metastases,Colorectal Liver Mets,liver metastases CT,hepatic metastases,colorectal liver metastases,multiple liver lesions CT,"CT, MRI",5,HIGH,gastroenterology/hepatobiliary_disorders/liver_metastases/colorectal_liver_mets
435,Gastroenterology,Hepatobiliary Disorders,Fatty Liver Disease,Hepatic Steatosis,fatty liver ultrasound,hepatic steatosis CT,NAFLD imaging,fatty liver MRI,"ultrasound, CT, MRI",5,HIGH,gastroenterology/hepatobiliary_disorders/fatty_liver_disease/hepatic_steatosis
436,Gastroenterology,Hepatobiliary Disorders,Fatty Liver Disease,Nash Cirrhosis,NASH cirrhosis imaging,non-alcoholic steatohepatitis,NASH liver biopsy,steatohepatitis histology,"CT, microscopy",4,HIGH,gastroenterology/hepatobiliary_disorders/fatty_liver_disease/nash_cirrhosis
437,Gastroenterology,Hepatobiliary Disorders,Cholelithiasis,Gallstones Ultrasound,gallstones ultrasound,cholelithiasis imaging,gallbladder stones,gallstones CT,"ultrasound, CT",5,HIGH,gastroenterology/hepatobiliary_disorders/cholelithiasis/gallstones_ultrasound
438,Gastroenterology,Hepatobiliary Disorders,Cholelithiasis,Acute Cholecystitis,acute cholecystitis ultrasound,cholecystitis CT,gallbladder inflammation,thickened gallbladder wall,"ultrasound, CT",5,HIGH,gastroenterology/hepatobiliary_disorders/cholelithiasis/acute_cholecystitis
439,Gastroenterology,Hepatobiliary Disorders,Cholelithiasis,Choledocholithiasis,choledocholithiasis MRCP,common bile duct stone,CBD stone ERCP,bile duct calculi,"MRCP, ERCP, ultrasound",5,HIGH,gastroenterology/hepatobiliary_disorders/cholelithiasis/choledocholithiasis
440,Gastroenterology,Hepatobiliary Disorders,Cholangitis,Ascending Cholangitis,ascending cholangitis MRCP,acute cholangitis CT,bile duct inflammation,cholangitis ERCP,"MRCP, CT, ERCP",5,HIGH,gastroenterology/hepatobiliary_disorders/cholangitis/ascending_cholangitis
441,Gastroenterology,Hepatobiliary Disorders,Cholangitis,Primary Sclerosing Cholangitis,primary sclerosing cholangitis MRCP,PSC bile ducts,PSC beading ERCP,sclerosing cholangitis,"MRCP, ERCP",4,HIGH,gastroenterology/hepatobiliary_disorders/cholangitis/primary_sclerosing_cholangitis
442,Gastroenterology,Hepatobiliary Disorders,Viral Hepatitis,Hepatitis B Cirrhosis,hepatitis B cirrhosis,HBV liver disease,chronic hepatitis B imaging,hepatitis B CT liver,"CT, ultrasound",5,HIGH,gastroenterology/hepatobiliary_disorders/viral_hepatitis/hepatitis_b_cirrhosis
443,Gastroenterology,Hepatobiliary Disorders,Viral Hepatitis,Hepatitis C Fibrosis,hepatitis C liver fibrosis,HCV chronic liver disease,hepatitis C cirrhosis,hepatitis C imaging,"CT, MRI, ultrasound",5,HIGH,gastroenterology/hepatobiliary_disorders/viral_hepatitis/hepatitis_c_fibrosis
444,Gastroenterology,Hepatobiliary Disorders,Viral Hepatitis,Acute Hepatitis,acute hepatitis ultrasound,hepatitis liver inflammation,acute viral hepatitis imaging,hepatomegaly hepatitis,"ultrasound, CT",4,HIGH,gastroenterology/hepatobiliary_disorders/viral_hepatitis/acute_hepatitis
445,Gastroenterology,Hepatobiliary Disorders,Liver Abscess,Pyogenic Liver Abscess,pyogenic liver abscess CT,bacterial liver abscess,liver abscess ultrasound,hepatic abscess imaging,"CT, ultrasound",5,HIGH,gastroenterology/hepatobiliary_disorders/liver_abscess/pyogenic_liver_abscess
446,Gastroenterology,Hepatobiliary Disorders,Liver Abscess,Amoebic Liver Abscess,amoebic liver abscess CT,Entamoeba histolytica abscess,amoebic hepatic abscess,amoebic abscess ultrasound,"CT, ultrasound",4,HIGH,gastroenterology/hepatobiliary_disorders/liver_abscess/amoebic_liver_abscess
447,Gastroenterology,Pancreatic Disorders,Acute Pancreatitis,Interstitial Pancreatitis,acute pancreatitis CT,pancreatic inflammation,interstitial pancreatitis,pancreatitis imaging,CT,5,HIGH,gastroenterology/pancreatic_disorders/acute_pancreatitis/interstitial_pancreatitis
448,Gastroenterology,Pancreatic Disorders,Acute Pancreatitis,Necrotising Pancreatitis,necrotising pancreatitis CT,pancreatic necrosis,severe acute pancreatitis,pancreatic necrosis imaging,CT,5,HIGH,gastroenterology/pancreatic_disorders/acute_pancreatitis/necrotising_pancreatitis
449,Gastroenterology,Pancreatic Disorders,Acute Pancreatitis,Pancreatic Pseudocyst,pancreatic pseudocyst CT,pancreatic fluid collection,pseudocyst ultrasound,post-pancreatitis pseudocyst,"CT, ultrasound",4,HIGH,gastroenterology/pancreatic_disorders/acute_pancreatitis/pancreatic_pseudocyst
450,Gastroenterology,Pancreatic Disorders,Chronic Pancreatitis,Pancreatic Calcification,chronic pancreatitis CT,pancreatic calcifications,chronic pancreatitis imaging,pancreatic atrophy,"CT, MRCP",5,HIGH,gastroenterology/pancreatic_disorders/chronic_pancreatitis/pancreatic_calcification
451,Gastroenterology,Pancreatic Disorders,Pancreatic Cancer,Pancreatic Ductal Adenocarcinoma,pancreatic cancer CT,pancreatic adenocarcinoma,pancreatic head tumour,pancreatic mass imaging,"CT, MRI, MRCP",5,HIGH,gastroenterology/pancreatic_disorders/pancreatic_cancer/pancreatic_ductal_adenocarcinoma
452,Gastroenterology,Pancreatic Disorders,Pancreatic Cancer,Pancreatic Tail Cancer,pancreatic tail cancer,distal pancreatic cancer CT,pancreatic body tumour,tail pancreas adenocarcinoma,"CT, MRI",4,HIGH,gastroenterology/pancreatic_disorders/pancreatic_cancer/pancreatic_tail_cancer
453,Gastroenterology,Pancreatic Disorders,Pancreatic Cystic Lesions,Ipmn,IPMN pancreas,intraductal papillary mucinous neoplasm,pancreatic cystic lesion,IPMN MRCP,"CT, MRI, MRCP",4,HIGH,gastroenterology/pancreatic_disorders/pancreatic_cystic_lesions/ipmn
454,Gastroenterology,Pancreatic Disorders,Pancreatic Cystic Lesions,Serous Cystadenoma,serous cystadenoma pancreas,pancreatic serous cyst,microcystic pancreatic adenoma,serous cystadenoma CT,"CT, MRI",3,HIGH,gastroenterology/pancreatic_disorders/pancreatic_cystic_lesions/serous_cystadenoma
455,Gastroenterology,Pancreatic Disorders,Pancreatic Cystic Lesions,Mucinous Cystadenoma,mucinous cystadenoma pancreas,pancreatic mucinous cyst,mucinous cystic neoplasm,MCN pancreas imaging,"CT, MRI",3,HIGH,gastroenterology/pancreatic_disorders/pancreatic_cystic_lesions/mucinous_cystadenoma
456,Gastroenterology,Abdominal Wall Hernias,Inguinal Hernia,Indirect Inguinal Hernia,indirect inguinal hernia CT,inguinal hernia ultrasound,groin hernia imaging,indirect hernia clinical photo,"CT, ultrasound, clinical_photo",5,HIGH,gastroenterology/abdominal_wall_hernias/inguinal_hernia/indirect_inguinal_hernia
457,Gastroenterology,Abdominal Wall Hernias,Inguinal Hernia,Direct Inguinal Hernia,direct inguinal hernia CT,direct hernia ultrasound,Hesselbach triangle hernia,direct inguinal hernia imaging,"CT, ultrasound",4,HIGH,gastroenterology/abdominal_wall_hernias/inguinal_hernia/direct_inguinal_hernia
458,Gastroenterology,Abdominal Wall Hernias,Inguinal Hernia,Strangulated Hernia,strangulated inguinal hernia CT,strangulated hernia imaging,ischaemic bowel hernia,complicated hernia CT,CT,5,HIGH,gastroenterology/abdominal_wall_hernias/inguinal_hernia/strangulated_hernia
459,Gastroenterology,Abdominal Wall Hernias,Femoral Hernia,Femoral Hernia Imaging,femoral hernia CT,femoral hernia ultrasound,femoral canal hernia,femoral hernia clinical photo,"CT, ultrasound, clinical_photo",5,HIGH,gastroenterology/abdominal_wall_hernias/femoral_hernia/femoral_hernia_imaging
460,Gastroenterology,Abdominal Wall Hernias,Umbilical Hernia,Umbilical Hernia Adult,umbilical hernia CT,paraumbilical hernia,umbilical hernia clinical photo,umbilical hernia ultrasound,"CT, clinical_photo, ultrasound",4,HIGH,gastroenterology/abdominal_wall_hernias/umbilical_hernia/umbilical_hernia_adult
461,Gastroenterology,Abdominal Wall Hernias,Incisional Hernia,Ventral Incisional Hernia,incisional hernia CT,ventral hernia post-surgical,incisional hernia clinical photo,post-laparotomy hernia,"CT, clinical_photo",4,HIGH,gastroenterology/abdominal_wall_hernias/incisional_hernia/ventral_incisional_hernia
462,Gastroenterology,Abdominal Wall Hernias,Hiatus Hernia,Sliding Hiatus Hernia,sliding hiatus hernia CT,hiatal hernia barium swallow,gastro-oesophageal junction hernia,type 1 hiatus hernia,"CT, barium_swallow",5,HIGH,gastroenterology/abdominal_wall_hernias/hiatus_hernia/sliding_hiatus_hernia
463,Gastroenterology,Abdominal Wall Hernias,Hiatus Hernia,Paraoesophageal Hernia,paraoesophageal hernia CT,rolling hiatus hernia,type 2 hiatus hernia,paraoesophageal hernia imaging,"CT, barium_swallow",4,HIGH,gastroenterology/abdominal_wall_hernias/hiatus_hernia/paraoesophageal_hernia
464,Gastroenterology,Peritoneal Disorders,Peritonitis,Spontaneous Bacterial Peritonitis,spontaneous bacterial peritonitis,SBP ascites CT,cirrhosis peritonitis,SBP ultrasound,"CT, ultrasound",5,HIGH,gastroenterology/peritoneal_disorders/peritonitis/spontaneous_bacterial_peritonitis
465,Gastroenterology,Peritoneal Disorders,Peritonitis,Secondary Peritonitis,secondary peritonitis CT,perforated viscus peritonitis,peritoneal contamination,acute peritonitis imaging,CT,5,HIGH,gastroenterology/peritoneal_disorders/peritonitis/secondary_peritonitis
466,Gastroenterology,Peritoneal Disorders,Peritoneal Carcinomatosis,Peritoneal Metastases,peritoneal carcinomatosis CT,peritoneal metastases,omental caking,peritoneal deposits imaging,"CT, MRI",4,HIGH,gastroenterology/peritoneal_disorders/peritoneal_carcinomatosis/peritoneal_metastases
467,Gastroenterology,Appendiceal Disorders,Appendicitis,Acute Appendicitis,acute appendicitis CT,appendicitis ultrasound,inflamed appendix imaging,appendicitis MRI,"CT, ultrasound, MRI",5,HIGH,gastroenterology/appendiceal_disorders/appendicitis/acute_appendicitis
468,Gastroenterology,Appendiceal Disorders,Appendicitis,Perforated Appendicitis,perforated appendicitis CT,appendiceal perforation,appendiceal abscess,complicated appendicitis imaging,CT,5,HIGH,gastroenterology/appendiceal_disorders/appendicitis/perforated_appendicitis
469,Gastroenterology,Appendiceal Disorders,Appendiceal Neoplasms,Appendiceal Mucocele,appendiceal mucocele CT,dilated appendix mucin,mucocele appendix,appendiceal mucinous cystadenoma,CT,3,HIGH,gastroenterology/appendiceal_disorders/appendiceal_neoplasms/appendiceal_mucocele
470,Gastroenterology,Anal Disorders,Anal Fissure,Chronic Anal Fissure,anal fissure clinical photo,chronic anal fissure,posterior midline fissure,anal fissure examination,clinical_photo,4,HIGH,gastroenterology/anal_disorders/anal_fissure/chronic_anal_fissure
471,Gastroenterology,Anal Disorders,Perianal Abscess,Perianal Abscess Mri,perianal abscess MRI,perianal abscess clinical photo,anorectal abscess,perianal sepsis imaging,"MRI, clinical_photo",5,HIGH,gastroenterology/anal_disorders/perianal_abscess/perianal_abscess_mri
472,Gastroenterology,Anal Disorders,Anal Fistula,Anal Fistula Mri,anal fistula MRI,fistula-in-ano,perianal fistula imaging,Parks classification fistula,MRI,4,HIGH,gastroenterology/anal_disorders/anal_fistula/anal_fistula_mri
473,Gastroenterology,Anal Disorders,Anal Cancer,Squamous Cell Anal Cancer,anal cancer MRI,anal squamous cell carcinoma,anal canal tumour,anal cancer clinical photo,"MRI, clinical_photo",4,HIGH,gastroenterology/anal_disorders/anal_cancer/squamous_cell_anal_cancer
474,Gastroenterology,Splenic Disorders,Splenomegaly,Massive Splenomegaly,splenomegaly CT,enlarged spleen ultrasound,massive splenomegaly,splenomegaly imaging,"CT, ultrasound",5,HIGH,gastroenterology/splenic_disorders/splenomegaly/massive_splenomegaly
475,Gastroenterology,Splenic Disorders,Splenic Infarction,Splenic Infarct,splenic infarction CT,splenic infarct imaging,wedge-shaped splenic infarct,splenic ischaemia,CT,4,HIGH,gastroenterology/splenic_disorders/splenic_infarction/splenic_infarct
476,Gastroenterology,Splenic Disorders,Splenic Rupture,Traumatic Splenic Rupture,splenic rupture CT,ruptured spleen trauma,splenic laceration,splenic injury grading,CT,5,HIGH,gastroenterology/splenic_disorders/splenic_rupture/traumatic_splenic_rupture
477,Endocrinology,Diabetes Complications,Diabetic Retinopathy,Background Diabetic Retinopathy,background diabetic retinopathy fundoscopy,diabetic retinopathy dot haemorrhages,microaneurysms diabetic retinopathy,NPDR fundoscopy,"fundoscopy, retinal_photo",5,HIGH,endocrinology/diabetes_complications/diabetic_retinopathy/background_diabetic_retinopathy
478,Endocrinology,Diabetes Complications,Diabetic Retinopathy,Proliferative Diabetic Retinopathy,proliferative diabetic retinopathy,PDR neovascularisation,diabetic retinopathy new vessels,PDR fundoscopy,"fundoscopy, retinal_photo, fluorescein_angiography",5,HIGH,endocrinology/diabetes_complications/diabetic_retinopathy/proliferative_diabetic_retinopathy
479,Endocrinology,Diabetes Complications,Diabetic Retinopathy,Diabetic Maculopathy,diabetic maculopathy OCT,diabetic macular oedema,maculopathy fundoscopy,diabetic macular ischaemia,"OCT, fundoscopy, retinal_photo",5,HIGH,endocrinology/diabetes_complications/diabetic_retinopathy/diabetic_maculopathy
480,Endocrinology,Diabetes Complications,Diabetic Foot,Diabetic Foot Ulcer,diabetic foot ulcer clinical photo,neuropathic foot ulcer,diabetic foot infection,diabetic ulcer wound,clinical_photo,5,HIGH,endocrinology/diabetes_complications/diabetic_foot/diabetic_foot_ulcer
481,Endocrinology,Diabetes Complications,Diabetic Foot,Charcot Foot,Charcot foot X-ray,neuropathic arthropathy foot,Charcot joint diabetes,Charcot foot MRI,"X-ray, MRI, clinical_photo",4,HIGH,endocrinology/diabetes_complications/diabetic_foot/charcot_foot
482,Endocrinology,Diabetes Complications,Diabetic Foot,Diabetic Foot Osteomyelitis,diabetic foot osteomyelitis MRI,foot bone infection diabetes,osteomyelitis diabetic foot,diabetic foot infection MRI,"MRI, X-ray",5,HIGH,endocrinology/diabetes_complications/diabetic_foot/diabetic_foot_osteomyelitis
483,Endocrinology,Diabetes Complications,Diabetic Nephropathy,Diabetic Kidney Disease,diabetic nephropathy ultrasound,diabetic kidney disease imaging,diabetic renal disease,diabetic nephropathy CT,"ultrasound, CT",4,HIGH,endocrinology/diabetes_complications/diabetic_nephropathy/diabetic_kidney_disease
484,Endocrinology,Diabetes Complications,Hypoglycaemia,Hypoglycaemia Brain Injury,hypoglycaemic brain injury MRI,hypoglycaemia cerebral oedema,severe hypoglycaemia imaging,hypoglycaemic encephalopathy,"MRI, CT",3,HIGH,endocrinology/diabetes_complications/hypoglycaemia/hypoglycaemia_brain_injury
485,Endocrinology,Diabetes Complications,Diabetic Ketoacidosis Complications,Dka Cerebral Oedema,DKA cerebral oedema CT,diabetic ketoacidosis brain swelling,DKA cerebral oedema MRI,DKA complications imaging,"CT, MRI",4,HIGH,endocrinology/diabetes_complications/diabetic_ketoacidosis_complications/dka_cerebral_oedema
486,Endocrinology,Diabetes Complications,Lipohypertrophy,Insulin Lipohypertrophy,lipohypertrophy clinical photo,insulin injection site hypertrophy,lipohypertrophy abdomen,insulin site lumps,clinical_photo,3,HIGH,endocrinology/diabetes_complications/lipohypertrophy/insulin_lipohypertrophy
487,Endocrinology,Diabetes Complications,Necrobiosis Lipoidica,Necrobiosis Lipoidica Diabeticorum,necrobiosis lipoidica clinical photo,necrobiosis lipoidica diabeticorum,NLD diabetes,shin lesions diabetes,clinical_photo,3,HIGH,endocrinology/diabetes_complications/necrobiosis_lipoidica/necrobiosis_lipoidica_diabeticorum
488,Endocrinology,Diabetes Complications,Acanthosis Nigricans,Acanthosis Nigricans Diabetes,acanthosis nigricans clinical photo,acanthosis nigricans insulin resistance,dark skin folds diabetes,acanthosis nigricans neck,clinical_photo,4,HIGH,endocrinology/diabetes_complications/acanthosis_nigricans/acanthosis_nigricans_diabetes
489,Endocrinology,Thyroid Disorders,Thyroid Nodules,Solitary Thyroid Nodule,thyroid nodule ultrasound,solitary thyroid nodule,thyroid nodule imaging,thyroid mass ultrasound,ultrasound,5,HIGH,endocrinology/thyroid_disorders/thyroid_nodules/solitary_thyroid_nodule
490,Endocrinology,Thyroid Disorders,Thyroid Nodules,Multinodular Goitre,multinodular goitre ultrasound,multinodular thyroid,MNG imaging,multinodular goitre CT,"ultrasound, CT",5,HIGH,endocrinology/thyroid_disorders/thyroid_nodules/multinodular_goitre
491,Endocrinology,Thyroid Disorders,Thyroid Nodules,Toxic Multinodular Goitre,toxic multinodular goitre,TMNG nuclear medicine,toxic MNG thyroid scan,hyperthyroid MNG,"nuclear_medicine, ultrasound",4,HIGH,endocrinology/thyroid_disorders/thyroid_nodules/toxic_multinodular_goitre
492,Endocrinology,Thyroid Disorders,Thyroid Cancer,Papillary Thyroid Cancer,papillary thyroid carcinoma ultrasound,PTC imaging,thyroid cancer ultrasound,papillary thyroid cancer,ultrasound,5,HIGH,endocrinology/thyroid_disorders/thyroid_cancer/papillary_thyroid_cancer
493,Endocrinology,Thyroid Disorders,Thyroid Cancer,Follicular Thyroid Cancer,follicular thyroid carcinoma,FTC imaging,follicular thyroid cancer ultrasound,follicular thyroid neoplasm,"ultrasound, nuclear_medicine",4,HIGH,endocrinology/thyroid_disorders/thyroid_cancer/follicular_thyroid_cancer
494,Endocrinology,Thyroid Disorders,Thyroid Cancer,Anaplastic Thyroid Cancer,anaplastic thyroid carcinoma,undifferentiated thyroid cancer,anaplastic thyroid cancer CT,aggressive thyroid cancer,"CT, ultrasound",3,HIGH,endocrinology/thyroid_disorders/thyroid_cancer/anaplastic_thyroid_cancer
495,Endocrinology,Thyroid Disorders,Thyroid Cancer,Medullary Thyroid Cancer,medullary thyroid carcinoma,MTC imaging,calcitonin producing tumour,medullary thyroid cancer ultrasound,"ultrasound, nuclear_medicine",4,HIGH,endocrinology/thyroid_disorders/thyroid_cancer/medullary_thyroid_cancer
496,Endocrinology,Thyroid Disorders,Graves Disease,Graves Ophthalmopathy,Graves ophthalmopathy CT,thyroid eye disease,Graves orbitopathy MRI,exophthalmos Graves,"CT, MRI, clinical_photo",5,HIGH,endocrinology/thyroid_disorders/graves_disease/graves_ophthalmopathy
497,Endocrinology,Thyroid Disorders,Graves Disease,Graves Thyroid Uptake,Graves disease thyroid scan,diffuse thyroid uptake,Graves hyperthyroidism scan,increased thyroid uptake,nuclear_medicine,5,HIGH,endocrinology/thyroid_disorders/graves_disease/graves_thyroid_uptake
498,Endocrinology,Thyroid Disorders,Thyroiditis,Hashimoto Thyroiditis,Hashimoto thyroiditis ultrasound,chronic lymphocytic thyroiditis,Hashimoto disease imaging,autoimmune thyroiditis,ultrasound,4,HIGH,endocrinology/thyroid_disorders/thyroiditis/hashimoto_thyroiditis
499,Endocrinology,Thyroid Disorders,Thyroiditis,De Quervain Thyroiditis,de Quervain thyroiditis,subacute thyroiditis,painful thyroiditis imaging,subacute thyroiditis nuclear,"nuclear_medicine, ultrasound",3,HIGH,endocrinology/thyroid_disorders/thyroiditis/de_quervain_thyroiditis
500,Endocrinology,Thyroid Disorders,Goitre,Simple Goitre,simple goitre ultrasound,non-toxic goitre,diffuse goitre imaging,goitre clinical photo,"ultrasound, clinical_photo",4,HIGH,endocrinology/thyroid_disorders/goitre/simple_goitre
501,Endocrinology,Thyroid Disorders,Goitre,Retrosternal Goitre,retrosternal goitre CT,substernal goitre,intrathoracic goitre,retrosternal thyroid,CT,4,HIGH,endocrinology/thyroid_disorders/goitre/retrosternal_goitre
502,Endocrinology,Thyroid Disorders,Thyroid Cyst,Simple Thyroid Cyst,thyroid cyst ultrasound,simple thyroid cyst,colloid cyst thyroid,thyroid cystic lesion,ultrasound,3,HIGH,endocrinology/thyroid_disorders/thyroid_cyst/simple_thyroid_cyst
503,Endocrinology,Pituitary Disorders,Pituitary Adenoma,Prolactinoma,prolactinoma MRI,pituitary prolactin adenoma,prolactinoma imaging,microadenoma pituitary,MRI,5,HIGH,endocrinology/pituitary_disorders/pituitary_adenoma/prolactinoma
504,Endocrinology,Pituitary Disorders,Pituitary Adenoma,Growth Hormone Adenoma,GH secreting adenoma MRI,acromegaly pituitary MRI,growth hormone adenoma,acromegaly imaging,MRI,4,HIGH,endocrinology/pituitary_disorders/pituitary_adenoma/growth_hormone_adenoma
505,Endocrinology,Pituitary Disorders,Pituitary Adenoma,Acth Secreting Adenoma,ACTH secreting adenoma,Cushing disease pituitary MRI,corticotroph adenoma,ACTH adenoma imaging,MRI,4,HIGH,endocrinology/pituitary_disorders/pituitary_adenoma/acth_secreting_adenoma
506,Endocrinology,Pituitary Disorders,Pituitary Adenoma,Non Functioning Adenoma,non-functioning pituitary adenoma,pituitary macroadenoma MRI,clinically silent adenoma,pituitary incidentaloma,MRI,5,HIGH,endocrinology/pituitary_disorders/pituitary_adenoma/non_functioning_adenoma
507,Endocrinology,Pituitary Disorders,Acromegaly Features,Acromegaly Hands,acromegaly hands clinical photo,enlarged hands acromegaly,spade-like hands,acromegaly clinical features,clinical_photo,5,HIGH,endocrinology/pituitary_disorders/acromegaly_features/acromegaly_hands
508,Endocrinology,Pituitary Disorders,Acromegaly Features,Acromegaly Facial,acromegaly facial features,acromegaly face clinical photo,prognathism acromegaly,coarse facial features acromegaly,clinical_photo,5,HIGH,endocrinology/pituitary_disorders/acromegaly_features/acromegaly_facial
509,Endocrinology,Pituitary Disorders,Craniopharyngioma,Craniopharyngioma Imaging,craniopharyngioma MRI,craniopharyngioma CT,suprasellar mass craniopharyngioma,calcified craniopharyngioma,"MRI, CT",4,HIGH,endocrinology/pituitary_disorders/craniopharyngioma/craniopharyngioma_imaging
510,Endocrinology,Pituitary Disorders,Empty Sella,Primary Empty Sella,empty sella syndrome MRI,primary empty sella,partial empty sella,empty sella turcica,MRI,3,HIGH,endocrinology/pituitary_disorders/empty_sella/primary_empty_sella
511,Endocrinology,Adrenal Disorders,Adrenal Adenoma,Benign Adrenal Adenoma,adrenal adenoma CT,adrenal incidentaloma,benign adrenal adenoma,adrenal adenoma MRI,"CT, MRI",5,HIGH,endocrinology/adrenal_disorders/adrenal_adenoma/benign_adrenal_adenoma
512,Endocrinology,Adrenal Disorders,Adrenal Adenoma,Conn Syndrome,Conn syndrome adrenal CT,aldosterone producing adenoma,primary hyperaldosteronism imaging,Conn adenoma,"CT, MRI",4,HIGH,endocrinology/adrenal_disorders/adrenal_adenoma/conn_syndrome
513,Endocrinology,Adrenal Disorders,Phaeochromocytoma,Adrenal Phaeochromocytoma,phaeochromocytoma CT,adrenal phaeochromocytoma MRI,pheochromocytoma imaging,MIBG scan phaeochromocytoma,"CT, MRI, nuclear_medicine",5,HIGH,endocrinology/adrenal_disorders/phaeochromocytoma/adrenal_phaeochromocytoma
514,Endocrinology,Adrenal Disorders,Phaeochromocytoma,Paraganglioma,paraganglioma CT,extra-adrenal phaeochromocytoma,paraganglioma MRI,abdominal paraganglioma,"CT, MRI, nuclear_medicine",3,HIGH,endocrinology/adrenal_disorders/phaeochromocytoma/paraganglioma
515,Endocrinology,Adrenal Disorders,Cushing Syndrome,Cushing Clinical Features,Cushing syndrome clinical photo,moon face Cushing,buffalo hump clinical,Cushing striae,clinical_photo,5,HIGH,endocrinology/adrenal_disorders/cushing_syndrome/cushing_clinical_features
516,Endocrinology,Adrenal Disorders,Cushing Syndrome,Adrenal Cushing,adrenal Cushing CT,adrenocortical adenoma Cushing,Cushing syndrome adrenal mass,cortisol producing adenoma,"CT, MRI",4,HIGH,endocrinology/adrenal_disorders/cushing_syndrome/adrenal_cushing
517,Endocrinology,Adrenal Disorders,Adrenal Carcinoma,Adrenocortical Carcinoma,adrenocortical carcinoma CT,adrenal cancer,adrenal cortical carcinoma MRI,malignant adrenal mass,"CT, MRI",4,HIGH,endocrinology/adrenal_disorders/adrenal_carcinoma/adrenocortical_carcinoma
518,Endocrinology,Adrenal Disorders,Adrenal Haemorrhage,Adrenal Haemorrhage Imaging,adrenal haemorrhage CT,adrenal bleeding,bilateral adrenal haemorrhage,Waterhouse-Friderichsen syndrome,CT,4,HIGH,endocrinology/adrenal_disorders/adrenal_haemorrhage/adrenal_haemorrhage_imaging
519,Endocrinology,Adrenal Disorders,Addison Disease,Adrenal Atrophy,Addison disease adrenal CT,adrenal atrophy,small adrenals Addison,adrenal insufficiency imaging,CT,3,HIGH,endocrinology/adrenal_disorders/addison_disease/adrenal_atrophy
520,Endocrinology,Parathyroid Disorders,Hyperparathyroidism,Parathyroid Adenoma,parathyroid adenoma ultrasound,parathyroid adenoma nuclear,sestamibi scan parathyroid,parathyroid adenoma CT,"ultrasound, nuclear_medicine, CT",4,HIGH,endocrinology/parathyroid_disorders/hyperparathyroidism/parathyroid_adenoma
521,Endocrinology,Parathyroid Disorders,Hyperparathyroidism,Brown Tumour,brown tumour X-ray,osteitis fibrosa cystica,hyperparathyroidism bone lesion,brown tumour hyperparathyroid,"X-ray, CT",3,HIGH,endocrinology/parathyroid_disorders/hyperparathyroidism/brown_tumour
522,Endocrinology,Parathyroid Disorders,Hypoparathyroidism,Basal Ganglia Calcification,basal ganglia calcification CT,hypoparathyroidism brain CT,Fahr syndrome,bilateral basal ganglia calcification,CT,3,HIGH,endocrinology/parathyroid_disorders/hypoparathyroidism/basal_ganglia_calcification
523,Endocrinology,Metabolic Bone Disease,Osteoporosis,Vertebral Compression Fracture,vertebral compression fracture,osteoporotic fracture spine,wedge compression fracture,vertebral fracture X-ray,"X-ray, CT, MRI",5,HIGH,endocrinology/metabolic_bone_disease/osteoporosis/vertebral_compression_fracture
524,Endocrinology,Metabolic Bone Disease,Osteoporosis,Hip Fracture Osteoporosis,hip fracture osteoporosis,femoral neck fracture,intertrochanteric fracture,hip fracture X-ray elderly,X-ray,5,HIGH,endocrinology/metabolic_bone_disease/osteoporosis/hip_fracture_osteoporosis
525,Endocrinology,Metabolic Bone Disease,Osteoporosis,Dexa Scan,DEXA scan osteoporosis,bone density scan,dual energy X-ray absorptiometry,osteoporosis DEXA,DEXA,5,HIGH,endocrinology/metabolic_bone_disease/osteoporosis/dexa_scan
526,Endocrinology,Metabolic Bone Disease,Osteomalacia,Osteomalacia Looser Zones,Looser zones osteomalacia,pseudofractures osteomalacia,osteomalacia X-ray,vitamin D deficiency bone,X-ray,4,HIGH,endocrinology/metabolic_bone_disease/osteomalacia/osteomalacia_looser_zones
527,Endocrinology,Metabolic Bone Disease,Pagets Disease,Pagets Skull,Paget disease skull X-ray,osteoporosis circumscripta,Paget disease skull thickening,Paget cranium,"X-ray, CT",4,HIGH,endocrinology/metabolic_bone_disease/pagets_disease/pagets_skull
528,Endocrinology,Metabolic Bone Disease,Pagets Disease,Pagets Pelvis,Paget disease pelvis X-ray,Paget disease bone thickening,Paget disease pelvic,mixed lytic sclerotic Paget,X-ray,5,HIGH,endocrinology/metabolic_bone_disease/pagets_disease/pagets_pelvis
529,Endocrinology,Metabolic Bone Disease,Pagets Disease,Pagets Tibia,Paget disease tibia,sabre shin deformity,bowed tibia Paget,Paget disease long bone,X-ray,4,HIGH,endocrinology/metabolic_bone_disease/pagets_disease/pagets_tibia
530,Endocrinology,Metabolic Bone Disease,Rickets,Rickets Wrist,rickets wrist X-ray,rachitic changes wrist,metaphyseal fraying rickets,vitamin D deficiency rickets,X-ray,4,HIGH,endocrinology/metabolic_bone_disease/rickets/rickets_wrist
531,Endocrinology,Metabolic Bone Disease,Rickets,Rickets Rosary,rachitic rosary clinical photo,rickets chest wall,beading costochondral junction,rachitic rosary X-ray,"clinical_photo, X-ray",3,HIGH,endocrinology/metabolic_bone_disease/rickets/rickets_rosary
532,Endocrinology,Metabolic Bone Disease,Renal Osteodystrophy,Renal Bone Disease,renal osteodystrophy X-ray,renal bone disease,rugger jersey spine,secondary hyperparathyroidism bone,X-ray,4,HIGH,endocrinology/metabolic_bone_disease/renal_osteodystrophy/renal_bone_disease
533,Endocrinology,Metabolic Bone Disease,Osteogenesis Imperfecta,Oi Fractures,osteogenesis imperfecta X-ray,brittle bone disease,OI multiple fractures,osteogenesis imperfecta blue sclera,"X-ray, clinical_photo",3,HIGH,endocrinology/metabolic_bone_disease/osteogenesis_imperfecta/oi_fractures
534,Endocrinology,Metabolic Bone Disease,Osteopetrosis,Marble Bone Disease,osteopetrosis X-ray,marble bone disease,dense bones osteopetrosis,osteopetrosis skull,X-ray,2,HIGH,endocrinology/metabolic_bone_disease/osteopetrosis/marble_bone_disease
535,Endocrinology,Metabolic Bone Disease,Scurvy,Scurvy Bone Changes,scurvy X-ray,vitamin C deficiency bone,scurvy metaphyseal changes,scorbutic rosary,"X-ray, clinical_photo",3,HIGH,endocrinology/metabolic_bone_disease/scurvy/scurvy_bone_changes
536,Endocrinology,Obesity Complications,Obesity Imaging,Central Obesity,central obesity clinical photo,visceral obesity CT,abdominal obesity imaging,central adiposity,"clinical_photo, CT",4,HIGH,endocrinology/obesity_complications/obesity_imaging/central_obesity
537,Endocrinology,Obesity Complications,Obesity Imaging,Bariatric Imaging,gastric bypass imaging,bariatric surgery X-ray,sleeve gastrectomy imaging,bariatric surgery complications,"X-ray, CT",3,HIGH,endocrinology/obesity_complications/obesity_imaging/bariatric_imaging
538,Endocrinology,Lipid Disorders,Xanthomas,Tendon Xanthomas,tendon xanthomas clinical photo,Achilles xanthoma,familial hypercholesterolaemia xanthomas,xanthomas hands,clinical_photo,4,HIGH,endocrinology/lipid_disorders/xanthomas/tendon_xanthomas
539,Endocrinology,Lipid Disorders,Xanthomas,Xanthelasma,xanthelasma clinical photo,eyelid xanthomas,xanthelasma palpebrarum,periorbital xanthomas,clinical_photo,4,HIGH,endocrinology/lipid_disorders/xanthomas/xanthelasma
540,Endocrinology,Lipid Disorders,Xanthomas,Eruptive Xanthomas,eruptive xanthomas clinical photo,hypertriglyceridaemia xanthomas,eruptive xanthomas skin,xanthoma eruptivum,clinical_photo,3,HIGH,endocrinology/lipid_disorders/xanthomas/eruptive_xanthomas
541,Endocrinology,Lipid Disorders,Corneal Arcus,Arcus Senilis,arcus senilis clinical photo,corneal arcus,arcus cornealis,lipid keratopathy,clinical_photo,3,HIGH,endocrinology/lipid_disorders/corneal_arcus/arcus_senilis
542,Endocrinology,Genetic Syndromes,Multiple Endocrine Neoplasia,Men 1 Imaging,MEN 1 syndrome imaging,multiple endocrine neoplasia type 1,MEN 1 pancreatic tumour,MEN 1 pituitary adenoma,"MRI, CT",3,HIGH,endocrinology/genetic_syndromes/multiple_endocrine_neoplasia/men_1_imaging
543,Endocrinology,Genetic Syndromes,Multiple Endocrine Neoplasia,Men 2 Imaging,MEN 2 syndrome,multiple endocrine neoplasia type 2,MEN 2 medullary thyroid,MEN 2 phaeochromocytoma,"CT, nuclear_medicine",3,HIGH,endocrinology/genetic_syndromes/multiple_endocrine_neoplasia/men_2_imaging
544,Endocrinology,Genetic Syndromes,Von Hippel Lindau,Vhl Adrenal,von Hippel-Lindau phaeochromocytoma,VHL syndrome adrenal,VHL imaging,von Hippel-Lindau CT,"CT, MRI",2,HIGH,endocrinology/genetic_syndromes/von_hippel_lindau/vhl_adrenal
545,Endocrinology,Calcium Disorders,Hypercalcaemia Complications,Nephrocalcinosis,nephrocalcinosis ultrasound,renal calcification hypercalcaemia,nephrocalcinosis CT,medullary nephrocalcinosis,"ultrasound, CT",4,HIGH,endocrinology/calcium_disorders/hypercalcaemia_complications/nephrocalcinosis
546,Endocrinology,Calcium Disorders,Hypercalcaemia Complications,Band Keratopathy,band keratopathy clinical photo,corneal calcium deposition,hypercalcaemia eye,band keratopathy slit lamp,clinical_photo,3,HIGH,endocrinology/calcium_disorders/hypercalcaemia_complications/band_keratopathy
547,Endocrinology,Calcium Disorders,Chondrocalcinosis,Pseudogout Knee,chondrocalcinosis knee X-ray,pseudogout calcium pyrophosphate,CPPD knee,chondrocalcinosis imaging,X-ray,4,HIGH,endocrinology/calcium_disorders/chondrocalcinosis/pseudogout_knee
548,Endocrinology,Calcium Disorders,Chondrocalcinosis,Chondrocalcinosis Wrist,chondrocalcinosis wrist,CPPD wrist X-ray,triangular fibrocartilage calcification,wrist pseudogout,X-ray,3,HIGH,endocrinology/calcium_disorders/chondrocalcinosis/chondrocalcinosis_wrist
549,Obstetrics Gynaecology,Pregnancy Complications,Early Pregnancy Complications,Ectopic Pregnancy,ectopic pregnancy ultrasound,tubal pregnancy scan,ectopic gestation imaging,adnexal mass pregnancy,ultrasound,5,HIGH,obstetrics_gynaecology/pregnancy_complications/early_pregnancy_complications/ectopic_pregnancy
550,Obstetrics Gynaecology,Pregnancy Complications,Early Pregnancy Complications,Miscarriage,miscarriage ultrasound,incomplete abortion scan,missed miscarriage ultrasound,early pregnancy loss imaging,ultrasound,5,HIGH,obstetrics_gynaecology/pregnancy_complications/early_pregnancy_complications/miscarriage
551,Obstetrics Gynaecology,Pregnancy Complications,Early Pregnancy Complications,Molar Pregnancy,molar pregnancy ultrasound,hydatidiform mole,gestational trophoblastic disease,snowstorm appearance ultrasound,ultrasound,4,HIGH,obstetrics_gynaecology/pregnancy_complications/early_pregnancy_complications/molar_pregnancy
552,Obstetrics Gynaecology,Pregnancy Complications,Placental Abnormalities,Placenta Praevia,placenta praevia ultrasound,low-lying placenta,placental position ultrasound,placenta covering os,ultrasound,5,HIGH,obstetrics_gynaecology/pregnancy_complications/placental_abnormalities/placenta_praevia
553,Obstetrics Gynaecology,Pregnancy Complications,Placental Abnormalities,Placental Abruption,placental abruption ultrasound,retroplacental haematoma,abruptio placentae imaging,placental separation scan,ultrasound,5,HIGH,obstetrics_gynaecology/pregnancy_complications/placental_abnormalities/placental_abruption
554,Obstetrics Gynaecology,Pregnancy Complications,Placental Abnormalities,Placenta Accreta,placenta accreta ultrasound,placenta accreta MRI,abnormal placental attachment,placenta percreta imaging,"ultrasound, MRI",4,HIGH,obstetrics_gynaecology/pregnancy_complications/placental_abnormalities/placenta_accreta
555,Obstetrics Gynaecology,Pregnancy Complications,Foetal Abnormalities,Neural Tube Defects,spina bifida ultrasound,anencephaly foetal scan,neural tube defect imaging,myelomeningocele ultrasound,ultrasound,5,HIGH,obstetrics_gynaecology/pregnancy_complications/foetal_abnormalities/neural_tube_defects
556,Obstetrics Gynaecology,Pregnancy Complications,Foetal Abnormalities,Cardiac Abnormalities,foetal cardiac anomaly ultrasound,congenital heart disease ultrasound,foetal echocardiography,foetal heart defect scan,ultrasound,4,HIGH,obstetrics_gynaecology/pregnancy_complications/foetal_abnormalities/cardiac_abnormalities
557,Obstetrics Gynaecology,Pregnancy Complications,Foetal Abnormalities,Abdominal Wall Defects,gastroschisis ultrasound,exomphalos foetal scan,omphalocele ultrasound,abdominal wall defect foetus,ultrasound,4,HIGH,obstetrics_gynaecology/pregnancy_complications/foetal_abnormalities/abdominal_wall_defects
558,Obstetrics Gynaecology,Pregnancy Complications,Foetal Abnormalities,Renal Abnormalities,foetal hydronephrosis ultrasound,multicystic dysplastic kidney foetus,foetal renal agenesis,foetal urinary tract obstruction,ultrasound,4,HIGH,obstetrics_gynaecology/pregnancy_complications/foetal_abnormalities/renal_abnormalities
559,Obstetrics Gynaecology,Pregnancy Complications,Foetal Abnormalities,Chromosomal Markers,nuchal translucency ultrasound,increased NT scan,nasal bone absent ultrasound,Down syndrome markers ultrasound,ultrasound,5,HIGH,obstetrics_gynaecology/pregnancy_complications/foetal_abnormalities/chromosomal_markers
560,Obstetrics Gynaecology,Pregnancy Complications,Multiple Pregnancy,Twin Pregnancy,twin pregnancy ultrasound,dichorionic twin scan,monochorionic twin ultrasound,twin gestation imaging,ultrasound,5,HIGH,obstetrics_gynaecology/pregnancy_complications/multiple_pregnancy/twin_pregnancy
561,Obstetrics Gynaecology,Pregnancy Complications,Multiple Pregnancy,Twin To Twin Transfusion,twin-twin transfusion syndrome,TTTS ultrasound,polyhydramnios twin,discordant twin growth,ultrasound,4,HIGH,obstetrics_gynaecology/pregnancy_complications/multiple_pregnancy/twin_to_twin_transfusion
562,Obstetrics Gynaecology,Pregnancy Complications,Amniotic Fluid Abnormalities,Polyhydramnios,polyhydramnios ultrasound,excess amniotic fluid,increased AFI scan,polyhydramnios pregnancy,ultrasound,4,HIGH,obstetrics_gynaecology/pregnancy_complications/amniotic_fluid_abnormalities/polyhydramnios
563,Obstetrics Gynaecology,Pregnancy Complications,Amniotic Fluid Abnormalities,Oligohydramnios,oligohydramnios ultrasound,reduced amniotic fluid,decreased AFI scan,oligohydramnios imaging,ultrasound,4,HIGH,obstetrics_gynaecology/pregnancy_complications/amniotic_fluid_abnormalities/oligohydramnios
564,Obstetrics Gynaecology,Pregnancy Complications,Maternal Conditions,Gestational Diabetes,macrosomia ultrasound,large for gestational age foetus,diabetic pregnancy scan,foetal macrosomia imaging,ultrasound,4,HIGH,obstetrics_gynaecology/pregnancy_complications/maternal_conditions/gestational_diabetes
565,Obstetrics Gynaecology,Pregnancy Complications,Maternal Conditions,Preeclampsia,IUGR ultrasound,foetal growth restriction,preeclampsia foetal scan,umbilical artery Doppler abnormal,"ultrasound, Doppler",5,HIGH,obstetrics_gynaecology/pregnancy_complications/maternal_conditions/preeclampsia
566,Obstetrics Gynaecology,Pregnancy Complications,Foetal Growth Disorders,Macrosomia,foetal macrosomia ultrasound,large baby scan,macrosomia imaging,estimated foetal weight large,ultrasound,4,HIGH,obstetrics_gynaecology/pregnancy_complications/foetal_growth_disorders/macrosomia
567,Obstetrics Gynaecology,Pregnancy Complications,Foetal Growth Disorders,Iugr,IUGR ultrasound,intrauterine growth restriction,small for gestational age ultrasound,SGA foetus scan,"ultrasound, Doppler",5,HIGH,obstetrics_gynaecology/pregnancy_complications/foetal_growth_disorders/iugr
568,Obstetrics Gynaecology,Pregnancy Complications,Foetal Growth Disorders,Asymmetric Growth,asymmetric IUGR ultrasound,head-sparing growth restriction,asymmetric foetal growth,abdominal circumference small foetus,ultrasound,4,HIGH,obstetrics_gynaecology/pregnancy_complications/foetal_growth_disorders/asymmetric_growth
569,Obstetrics Gynaecology,Pregnancy Complications,Cervical Abnormalities,Cervical Insufficiency,cervical insufficiency ultrasound,short cervix pregnancy,cervical length measurement,incompetent cervix scan,ultrasound,4,HIGH,obstetrics_gynaecology/pregnancy_complications/cervical_abnormalities/cervical_insufficiency
570,Obstetrics Gynaecology,Pregnancy Complications,Cervical Abnormalities,Cervical Cerclage,cervical cerclage ultrasound,cerclage in situ scan,cervical stitch imaging,cerclage position ultrasound,ultrasound,3,HIGH,obstetrics_gynaecology/pregnancy_complications/cervical_abnormalities/cervical_cerclage
571,Obstetrics Gynaecology,Pregnancy Complications,Labour Complications,Breech Presentation,breech presentation ultrasound,breech baby scan,foetal lie ultrasound,breech position imaging,ultrasound,5,HIGH,obstetrics_gynaecology/pregnancy_complications/labour_complications/breech_presentation
572,Obstetrics Gynaecology,Pregnancy Complications,Labour Complications,Transverse Lie,transverse lie ultrasound,oblique lie foetus,abnormal foetal position,shoulder presentation scan,ultrasound,4,HIGH,obstetrics_gynaecology/pregnancy_complications/labour_complications/transverse_lie
573,Obstetrics Gynaecology,Pregnancy Complications,Labour Complications,Cord Around Neck,nuchal cord ultrasound,cord around neck scan,foetal neck cord,nuchal cord Doppler,"ultrasound, Doppler",3,HIGH,obstetrics_gynaecology/pregnancy_complications/labour_complications/cord_around_neck
574,Obstetrics Gynaecology,Gynaecological Conditions,Uterine Abnormalities,Fibroids,uterine fibroids ultrasound,leiomyoma uterus,fibroid uterus MRI,uterine myoma imaging,"ultrasound, MRI",5,HIGH,obstetrics_gynaecology/gynaecological_conditions/uterine_abnormalities/fibroids
575,Obstetrics Gynaecology,Gynaecological Conditions,Uterine Abnormalities,Endometrial Polyp,endometrial polyp ultrasound,uterine polyp hysteroscopy,endometrial polyp imaging,intrauterine polyp scan,"ultrasound, hysteroscopy",4,HIGH,obstetrics_gynaecology/gynaecological_conditions/uterine_abnormalities/endometrial_polyp
576,Obstetrics Gynaecology,Gynaecological Conditions,Uterine Abnormalities,Endometrial Cancer,endometrial cancer ultrasound,uterine cancer MRI,endometrial carcinoma imaging,thickened endometrium malignancy,"ultrasound, MRI, CT",5,HIGH,obstetrics_gynaecology/gynaecological_conditions/uterine_abnormalities/endometrial_cancer
577,Obstetrics Gynaecology,Gynaecological Conditions,Uterine Abnormalities,Adenomyosis,adenomyosis ultrasound,adenomyosis MRI,junctional zone thickening,adenomyosis imaging,"ultrasound, MRI",4,HIGH,obstetrics_gynaecology/gynaecological_conditions/uterine_abnormalities/adenomyosis
578,Obstetrics Gynaecology,Gynaecological Conditions,Uterine Abnormalities,Endometrial Hyperplasia,endometrial hyperplasia ultrasound,thickened endometrium,endometrial hyperplasia MRI,endometrial thickening imaging,"ultrasound, MRI",4,HIGH,obstetrics_gynaecology/gynaecological_conditions/uterine_abnormalities/endometrial_hyperplasia
579,Obstetrics Gynaecology,Gynaecological Conditions,Uterine Abnormalities,Asherman Syndrome Gynae,Asherman syndrome ultrasound,uterine adhesions hysteroscopy,intrauterine synechiae,thin endometrium Asherman,"hysteroscopy, ultrasound",3,HIGH,obstetrics_gynaecology/gynaecological_conditions/uterine_abnormalities/asherman_syndrome_gynae
580,Obstetrics Gynaecology,Gynaecological Conditions,Uterine Abnormalities,Retained Products,retained products conception ultrasound,RPOC ultrasound,retained placenta imaging,post-miscarriage retained tissue,ultrasound,4,HIGH,obstetrics_gynaecology/gynaecological_conditions/uterine_abnormalities/retained_products
581,Obstetrics Gynaecology,Gynaecological Conditions,Ovarian Pathology,Ovarian Cysts,ovarian cyst ultrasound,simple ovarian cyst,follicular cyst ovary,corpus luteum cyst,ultrasound,5,HIGH,obstetrics_gynaecology/gynaecological_conditions/ovarian_pathology/ovarian_cysts
582,Obstetrics Gynaecology,Gynaecological Conditions,Ovarian Pathology,Ovarian Torsion,ovarian torsion ultrasound,twisted ovary Doppler,ovarian torsion CT,absent ovarian blood flow,"ultrasound, Doppler, CT",5,HIGH,obstetrics_gynaecology/gynaecological_conditions/ovarian_pathology/ovarian_torsion
583,Obstetrics Gynaecology,Gynaecological Conditions,Ovarian Pathology,Endometrioma,endometrioma ultrasound,chocolate cyst ovary,endometriosis ovary MRI,endometrioma imaging,"ultrasound, MRI",4,HIGH,obstetrics_gynaecology/gynaecological_conditions/ovarian_pathology/endometrioma
584,Obstetrics Gynaecology,Gynaecological Conditions,Ovarian Pathology,Dermoid Cyst,dermoid cyst ovary ultrasound,teratoma ovary CT,mature cystic teratoma,ovarian dermoid imaging,"ultrasound, CT, MRI",4,HIGH,obstetrics_gynaecology/gynaecological_conditions/ovarian_pathology/dermoid_cyst
585,Obstetrics Gynaecology,Gynaecological Conditions,Ovarian Pathology,Ovarian Cancer,ovarian cancer ultrasound,ovarian carcinoma CT,complex ovarian mass,ovarian malignancy imaging,"ultrasound, CT, MRI",5,HIGH,obstetrics_gynaecology/gynaecological_conditions/ovarian_pathology/ovarian_cancer
586,Obstetrics Gynaecology,Gynaecological Conditions,Ovarian Pathology,Pcos,polycystic ovary syndrome ultrasound,PCOS ovaries scan,polycystic ovaries imaging,pearl necklace ovaries,ultrasound,5,HIGH,obstetrics_gynaecology/gynaecological_conditions/ovarian_pathology/pcos
587,Obstetrics Gynaecology,Gynaecological Conditions,Ovarian Pathology,Serous Cystadenoma,serous cystadenoma ovary,benign ovarian cystadenoma,serous ovarian cyst ultrasound,cystadenoma imaging,"ultrasound, CT",3,HIGH,obstetrics_gynaecology/gynaecological_conditions/ovarian_pathology/serous_cystadenoma
588,Obstetrics Gynaecology,Gynaecological Conditions,Ovarian Pathology,Mucinous Cystadenoma,mucinous cystadenoma ovary,mucinous ovarian cyst,multilocular ovarian cyst,mucinous cystadenoma ultrasound,"ultrasound, CT, MRI",3,HIGH,obstetrics_gynaecology/gynaecological_conditions/ovarian_pathology/mucinous_cystadenoma
589,Obstetrics Gynaecology,Gynaecological Conditions,Ovarian Pathology,Haemorrhagic Cyst,haemorrhagic ovarian cyst,bleeding corpus luteum cyst,haemorrhagic cyst ultrasound,blood-filled ovarian cyst,ultrasound,4,HIGH,obstetrics_gynaecology/gynaecological_conditions/ovarian_pathology/haemorrhagic_cyst
590,Obstetrics Gynaecology,Gynaecological Conditions,Cervical Pathology,Cervical Cancer,cervical cancer MRI,cervical carcinoma staging,cervical cancer CT,cervical malignancy imaging,"MRI, CT",5,HIGH,obstetrics_gynaecology/gynaecological_conditions/cervical_pathology/cervical_cancer
591,Obstetrics Gynaecology,Gynaecological Conditions,Cervical Pathology,Cervical Dysplasia,cervical dysplasia colposcopy,CIN colposcopy,cervical intraepithelial neoplasia,abnormal cervix colposcopy,colposcopy,4,HIGH,obstetrics_gynaecology/gynaecological_conditions/cervical_pathology/cervical_dysplasia
592,Obstetrics Gynaecology,Gynaecological Conditions,Cervical Pathology,Cervical Polyp,cervical polyp colposcopy,cervical polyp ultrasound,endocervical polyp,cervical polyp imaging,"colposcopy, ultrasound",3,HIGH,obstetrics_gynaecology/gynaecological_conditions/cervical_pathology/cervical_polyp
593,Obstetrics Gynaecology,Gynaecological Conditions,Pelvic Inflammatory Disease,Tubo Ovarian Abscess,tubo-ovarian abscess ultrasound,TOA CT scan,pelvic abscess imaging,complex adnexal mass PID,"ultrasound, CT",5,HIGH,obstetrics_gynaecology/gynaecological_conditions/pelvic_inflammatory_disease/tubo_ovarian_abscess
594,Obstetrics Gynaecology,Gynaecological Conditions,Pelvic Inflammatory Disease,Hydrosalpinx,hydrosalpinx ultrasound,dilated fallopian tube,fluid-filled tube imaging,chronic PID ultrasound,"ultrasound, HSG",4,HIGH,obstetrics_gynaecology/gynaecological_conditions/pelvic_inflammatory_disease/hydrosalpinx
595,Obstetrics Gynaecology,Gynaecological Conditions,Endometriosis,Pelvic Endometriosis,endometriosis MRI pelvis,pelvic endometriosis ultrasound,endometriotic deposits imaging,deep infiltrating endometriosis,"MRI, ultrasound",4,HIGH,obstetrics_gynaecology/gynaecological_conditions/endometriosis/pelvic_endometriosis
596,Obstetrics Gynaecology,Gynaecological Conditions,Endometriosis,Rectovaginal Endometriosis,rectovaginal endometriosis MRI,pouch of Douglas endometriosis,bowel endometriosis imaging,DIE MRI pelvis,MRI,3,HIGH,obstetrics_gynaecology/gynaecological_conditions/endometriosis/rectovaginal_endometriosis
597,Obstetrics Gynaecology,Gynaecological Conditions,Pelvic Prolapse,Uterine Prolapse,uterine prolapse MRI,pelvic organ prolapse imaging,uterovaginal prolapse,procidentia imaging,"MRI, dynamic_imaging",3,HIGH,obstetrics_gynaecology/gynaecological_conditions/pelvic_prolapse/uterine_prolapse
598,Obstetrics Gynaecology,Gynaecological Conditions,Pelvic Prolapse,Cystocele,cystocele MRI,bladder prolapse imaging,anterior compartment prolapse,cystocele dynamic MRI,"MRI, dynamic_imaging",3,HIGH,obstetrics_gynaecology/gynaecological_conditions/pelvic_prolapse/cystocele
599,Obstetrics Gynaecology,Gynaecological Conditions,Pelvic Prolapse,Rectocele,rectocele MRI,posterior compartment prolapse,rectocele defecography,rectal prolapse imaging,"MRI, defecography",3,HIGH,obstetrics_gynaecology/gynaecological_conditions/pelvic_prolapse/rectocele
600,Obstetrics Gynaecology,Gynaecological Conditions,Vulvovaginal Pathology,Bartholin Cyst,Bartholin cyst ultrasound,Bartholin abscess imaging,vulvar cyst,Bartholin gland cyst,"ultrasound, clinical_photo",4,HIGH,obstetrics_gynaecology/gynaecological_conditions/vulvovaginal_pathology/bartholin_cyst
601,Obstetrics Gynaecology,Gynaecological Conditions,Vulvovaginal Pathology,Vaginal Cancer,vaginal cancer MRI,vaginal carcinoma imaging,vaginal malignancy,vaginal cancer CT,"MRI, CT",3,HIGH,obstetrics_gynaecology/gynaecological_conditions/vulvovaginal_pathology/vaginal_cancer
602,Obstetrics Gynaecology,Gynaecological Conditions,Vulvovaginal Pathology,Vulvar Cancer,vulvar cancer MRI,vulvar carcinoma,vulvar malignancy imaging,vulvar SCC,"MRI, clinical_photo",3,HIGH,obstetrics_gynaecology/gynaecological_conditions/vulvovaginal_pathology/vulvar_cancer
603,Obstetrics Gynaecology,Gynaecological Conditions,Gestational Trophoblastic Disease,Complete Mole,complete molar pregnancy ultrasound,complete hydatidiform mole,molar pregnancy imaging,CHM ultrasound,ultrasound,4,HIGH,obstetrics_gynaecology/gynaecological_conditions/gestational_trophoblastic_disease/complete_mole
604,Obstetrics Gynaecology,Gynaecological Conditions,Gestational Trophoblastic Disease,Partial Mole,partial molar pregnancy ultrasound,partial hydatidiform mole,triploid pregnancy,PHM ultrasound,ultrasound,3,HIGH,obstetrics_gynaecology/gynaecological_conditions/gestational_trophoblastic_disease/partial_mole
605,Obstetrics Gynaecology,Gynaecological Conditions,Gestational Trophoblastic Disease,Choriocarcinoma,choriocarcinoma CT chest,gestational choriocarcinoma,choriocarcinoma lung metastases,GTN imaging,"CT, ultrasound",3,HIGH,obstetrics_gynaecology/gynaecological_conditions/gestational_trophoblastic_disease/choriocarcinoma
606,Obstetrics Gynaecology,Breast Imaging,Breast Lesions,Fibroadenoma,fibroadenoma mammogram,fibroadenoma ultrasound,benign breast lump imaging,fibroadenoma breast,"mammogram, ultrasound",4,HIGH,obstetrics_gynaecology/breast_imaging/breast_lesions/fibroadenoma
607,Obstetrics Gynaecology,Breast Imaging,Breast Lesions,Breast Cancer,breast cancer mammogram,invasive ductal carcinoma,breast malignancy ultrasound,breast cancer MRI,"mammogram, ultrasound, MRI",5,HIGH,obstetrics_gynaecology/breast_imaging/breast_lesions/breast_cancer
608,Obstetrics Gynaecology,Breast Imaging,Breast Lesions,Dcis,DCIS mammogram,ductal carcinoma in situ,microcalcifications breast,DCIS imaging,mammogram,4,HIGH,obstetrics_gynaecology/breast_imaging/breast_lesions/dcis
609,Obstetrics Gynaecology,Breast Imaging,Breast Lesions,Breast Cyst,breast cyst ultrasound,simple breast cyst,breast cyst mammogram,benign breast cyst,"ultrasound, mammogram",4,HIGH,obstetrics_gynaecology/breast_imaging/breast_lesions/breast_cyst
610,Obstetrics Gynaecology,Breast Imaging,Breast Lesions,Breast Abscess,breast abscess ultrasound,mastitis abscess,breast infection imaging,puerperal abscess breast,ultrasound,4,HIGH,obstetrics_gynaecology/breast_imaging/breast_lesions/breast_abscess
611,Obstetrics Gynaecology,Breast Imaging,Breast Lesions,Fat Necrosis,fat necrosis breast,breast fat necrosis mammogram,post-traumatic breast lump,oil cyst breast,"mammogram, ultrasound",3,HIGH,obstetrics_gynaecology/breast_imaging/breast_lesions/fat_necrosis
612,Obstetrics Gynaecology,Breast Imaging,Breast Lesions,Phyllodes Tumour,phyllodes tumour breast,phyllodes tumor ultrasound,fibroepithelial lesion breast,phyllodes mammogram,"ultrasound, mammogram",3,HIGH,obstetrics_gynaecology/breast_imaging/breast_lesions/phyllodes_tumour
613,Obstetrics Gynaecology,Breast Imaging,Benign Breast Conditions,Fibrocystic Change,fibrocystic breast disease,fibrocystic change mammogram,benign breast change,lumpy breasts imaging,"mammogram, ultrasound",4,HIGH,obstetrics_gynaecology/breast_imaging/benign_breast_conditions/fibrocystic_change
614,Obstetrics Gynaecology,Breast Imaging,Benign Breast Conditions,Mastitis,mastitis ultrasound,lactational mastitis,breast infection imaging,puerperal mastitis,ultrasound,4,HIGH,obstetrics_gynaecology/breast_imaging/benign_breast_conditions/mastitis
615,Obstetrics Gynaecology,Breast Imaging,Benign Breast Conditions,Galactocele,galactocele ultrasound,milk-filled cyst breast,lactational cyst,galactocele mammogram,"ultrasound, mammogram",3,HIGH,obstetrics_gynaecology/breast_imaging/benign_breast_conditions/galactocele
616,Obstetrics Gynaecology,Breast Imaging,Benign Breast Conditions,Lipoma Breast,breast lipoma mammogram,fatty breast lump,breast lipoma ultrasound,benign fatty lesion breast,"mammogram, ultrasound",3,HIGH,obstetrics_gynaecology/breast_imaging/benign_breast_conditions/lipoma_breast
617,Obstetrics Gynaecology,Breast Imaging,Benign Breast Conditions,Intraductal Papilloma,intraductal papilloma mammogram,papilloma breast duct,nipple discharge imaging,intraductal papilloma ultrasound,"mammogram, ultrasound, ductography",4,HIGH,obstetrics_gynaecology/breast_imaging/benign_breast_conditions/intraductal_papilloma
618,Obstetrics Gynaecology,Breast Imaging,Breast Cancer Types,Invasive Lobular Carcinoma,invasive lobular carcinoma,ILC mammogram,lobular breast cancer MRI,ILC ultrasound,"mammogram, MRI, ultrasound",4,HIGH,obstetrics_gynaecology/breast_imaging/breast_cancer_types/invasive_lobular_carcinoma
619,Obstetrics Gynaecology,Breast Imaging,Breast Cancer Types,Inflammatory Breast Cancer,inflammatory breast cancer,IBC mammogram,peau d'orange breast,inflammatory carcinoma imaging,"mammogram, ultrasound, clinical_photo",4,HIGH,obstetrics_gynaecology/breast_imaging/breast_cancer_types/inflammatory_breast_cancer
620,Obstetrics Gynaecology,Breast Imaging,Breast Cancer Types,Pagets Disease Breast,Paget disease nipple,Paget breast cancer,nipple areola complex cancer,Paget disease mammogram,"mammogram, clinical_photo",3,HIGH,obstetrics_gynaecology/breast_imaging/breast_cancer_types/pagets_disease_breast
621,Obstetrics Gynaecology,Contraception Imaging,Intrauterine Devices,Iud Position,IUD position ultrasound,Mirena coil X-ray,intrauterine device location,IUD malposition ultrasound,"ultrasound, X-ray",4,HIGH,obstetrics_gynaecology/contraception_imaging/intrauterine_devices/iud_position
622,Obstetrics Gynaecology,Contraception Imaging,Intrauterine Devices,Iud Complications,IUD perforation ultrasound,misplaced IUD imaging,IUD uterine perforation,lost IUD X-ray,"ultrasound, X-ray",3,HIGH,obstetrics_gynaecology/contraception_imaging/intrauterine_devices/iud_complications
623,Obstetrics Gynaecology,Infertility Imaging,Tubal Patency,Hysterosalpingography,hysterosalpingography HSG,fallopian tube patency test,tubal patency imaging,HSG normal,"HSG, fluoroscopy",4,HIGH,obstetrics_gynaecology/infertility_imaging/tubal_patency/hysterosalpingography
624,Obstetrics Gynaecology,Infertility Imaging,Tubal Patency,Tubal Blockage,blocked fallopian tube HSG,tubal occlusion imaging,fallopian tube blockage,tubal obstruction HSG,HSG,4,HIGH,obstetrics_gynaecology/infertility_imaging/tubal_patency/tubal_blockage
625,Obstetrics Gynaecology,Infertility Imaging,Uterine Abnormalities Fertility,Asherman Syndrome,Asherman syndrome HSG,intrauterine adhesions,uterine synechiae hysteroscopy,Asherman syndrome imaging,"HSG, hysteroscopy",3,HIGH,obstetrics_gynaecology/infertility_imaging/uterine_abnormalities_fertility/asherman_syndrome
626,Obstetrics Gynaecology,Infertility Imaging,Uterine Abnormalities Fertility,Uterine Septum,uterine septum ultrasound,septate uterus MRI,uterine septum HSG,mullerian anomaly imaging,"ultrasound, MRI, HSG",3,HIGH,obstetrics_gynaecology/infertility_imaging/uterine_abnormalities_fertility/uterine_septum
627,Obstetrics Gynaecology,Infertility Imaging,Uterine Abnormalities Fertility,Bicornuate Uterus,bicornuate uterus ultrasound,bicornuate uterus MRI,uterine anomaly imaging,double uterus scan,"ultrasound, MRI",3,HIGH,obstetrics_gynaecology/infertility_imaging/uterine_abnormalities_fertility/bicornuate_uterus
628,Paediatrics,Neonatal Conditions,Respiratory Distress,Rds,respiratory distress syndrome neonate,RDS chest X-ray newborn,hyaline membrane disease,ground glass appearance RDS,X-ray,5,HIGH,paediatrics/neonatal_conditions/respiratory_distress/rds
629,Paediatrics,Neonatal Conditions,Respiratory Distress,Meconium Aspiration,meconium aspiration syndrome,MAS chest X-ray,meconium aspiration pneumonia,neonatal meconium aspiration,X-ray,5,HIGH,paediatrics/neonatal_conditions/respiratory_distress/meconium_aspiration
630,Paediatrics,Neonatal Conditions,Respiratory Distress,Transient Tachypnoea,transient tachypnoea newborn,TTN chest X-ray,wet lung syndrome,neonatal TTN imaging,X-ray,4,HIGH,paediatrics/neonatal_conditions/respiratory_distress/transient_tachypnoea
631,Paediatrics,Neonatal Conditions,Respiratory Distress,Pneumothorax Neonatal,neonatal pneumothorax X-ray,newborn pneumothorax,tension pneumothorax neonate,neonatal air leak,X-ray,5,HIGH,paediatrics/neonatal_conditions/respiratory_distress/pneumothorax_neonatal
632,Paediatrics,Neonatal Conditions,Neonatal Jaundice,Physiological Jaundice,neonatal jaundice clinical photo,physiological jaundice newborn,jaundice baby photo,neonatal hyperbilirubinaemia,clinical_photo,5,HIGH,paediatrics/neonatal_conditions/neonatal_jaundice/physiological_jaundice
633,Paediatrics,Neonatal Conditions,Neonatal Jaundice,Kernicterus,kernicterus MRI brain,bilirubin encephalopathy imaging,kernicterus CT,basal ganglia kernicterus,"MRI, CT",4,HIGH,paediatrics/neonatal_conditions/neonatal_jaundice/kernicterus
634,Paediatrics,Neonatal Conditions,Neonatal Infections,Neonatal Sepsis,neonatal sepsis chest X-ray,early onset sepsis neonate,GBS pneumonia newborn,neonatal sepsis imaging,X-ray,5,HIGH,paediatrics/neonatal_conditions/neonatal_infections/neonatal_sepsis
635,Paediatrics,Neonatal Conditions,Neonatal Infections,Congenital Cmv,congenital CMV brain CT,CMV periventricular calcification,congenital cytomegalovirus imaging,neonatal CMV infection,"CT, ultrasound",4,HIGH,paediatrics/neonatal_conditions/neonatal_infections/congenital_cmv
636,Paediatrics,Neonatal Conditions,Neonatal Infections,Congenital Toxoplasmosis,congenital toxoplasmosis CT brain,toxoplasmosis intracranial calcification,congenital toxoplasma imaging,neonatal toxoplasmosis,"CT, MRI",3,HIGH,paediatrics/neonatal_conditions/neonatal_infections/congenital_toxoplasmosis
637,Paediatrics,Neonatal Conditions,Congenital Abnormalities,Congenital Heart Disease,congenital heart disease chest X-ray,CHD echocardiography,cyanotic heart disease child,paediatric CHD imaging,"X-ray, echocardiography",5,HIGH,paediatrics/neonatal_conditions/congenital_abnormalities/congenital_heart_disease
638,Paediatrics,Neonatal Conditions,Congenital Abnormalities,Diaphragmatic Hernia,congenital diaphragmatic hernia,CDH chest X-ray newborn,Bochdalek hernia imaging,neonatal diaphragmatic hernia,"X-ray, CT",4,HIGH,paediatrics/neonatal_conditions/congenital_abnormalities/diaphragmatic_hernia
639,Paediatrics,Neonatal Conditions,Congenital Abnormalities,Tracheoesophageal Fistula,tracheo-oesophageal fistula X-ray,TOF imaging newborn,oesophageal atresia X-ray,NG tube coiled oesophageal atresia,"X-ray, contrast_study",4,HIGH,paediatrics/neonatal_conditions/congenital_abnormalities/tracheoesophageal_fistula
640,Paediatrics,Neonatal Conditions,Congenital Abnormalities,Duodenal Atresia,duodenal atresia X-ray,double bubble sign,duodenal atresia ultrasound,neonatal intestinal obstruction,"X-ray, ultrasound",4,HIGH,paediatrics/neonatal_conditions/congenital_abnormalities/duodenal_atresia
641,Paediatrics,Neonatal Conditions,Congenital Abnormalities,Hirschsprung Disease,Hirschsprung disease X-ray,congenital megacolon,Hirschsprung contrast enema,aganglionic megacolon imaging,"X-ray, contrast_enema",4,HIGH,paediatrics/neonatal_conditions/congenital_abnormalities/hirschsprung_disease
642,Paediatrics,Neonatal Conditions,Congenital Abnormalities,Necrotizing Enterocolitis,necrotizing enterocolitis X-ray,NEC abdominal X-ray,pneumatosis intestinalis neonate,neonatal NEC imaging,X-ray,5,HIGH,paediatrics/neonatal_conditions/congenital_abnormalities/necrotizing_enterocolitis
643,Paediatrics,Neonatal Conditions,Congenital Abnormalities,Tetralogy Fallot,Tetralogy of Fallot X-ray,TOF echocardiography,boot-shaped heart X-ray,cyanotic CHD tetralogy,"X-ray, echocardiography",5,HIGH,paediatrics/neonatal_conditions/congenital_abnormalities/tetralogy_fallot
644,Paediatrics,Neonatal Conditions,Congenital Abnormalities,Vsd,VSD echocardiography,ventricular septal defect child,VSD chest X-ray,paediatric VSD imaging,"echocardiography, X-ray",5,HIGH,paediatrics/neonatal_conditions/congenital_abnormalities/vsd
645,Paediatrics,Neonatal Conditions,Congenital Abnormalities,Asd,ASD echocardiography,atrial septal defect child,ASD chest X-ray,paediatric ASD imaging,"echocardiography, X-ray",4,HIGH,paediatrics/neonatal_conditions/congenital_abnormalities/asd
646,Paediatrics,Neonatal Conditions,Congenital Abnormalities,Pda,PDA echocardiography,patent ductus arteriosus,PDA chest X-ray neonate,persistent ductus arteriosus,"echocardiography, X-ray",5,HIGH,paediatrics/neonatal_conditions/congenital_abnormalities/pda
647,Paediatrics,Neonatal Conditions,Congenital Abnormalities,Coarctation Aorta,coarctation aorta child CT,aortic coarctation imaging,coarctation chest X-ray,paediatric aortic coarctation,"CT, MRI, X-ray",4,HIGH,paediatrics/neonatal_conditions/congenital_abnormalities/coarctation_aorta
648,Paediatrics,Neonatal Conditions,Birth Trauma,Clavicle Fracture,neonatal clavicle fracture,birth trauma clavicle X-ray,newborn clavicular fracture,fractured clavicle neonate,X-ray,4,HIGH,paediatrics/neonatal_conditions/birth_trauma/clavicle_fracture
649,Paediatrics,Neonatal Conditions,Birth Trauma,Cephalhaematoma,cephalhaematoma clinical photo,cephalhaematoma CT,subperiosteal haematoma skull,neonatal head swelling,"clinical_photo, CT",4,HIGH,paediatrics/neonatal_conditions/birth_trauma/cephalhaematoma
650,Paediatrics,Neonatal Conditions,Birth Trauma,Erb Palsy,Erb palsy clinical photo,brachial plexus injury newborn,Erb-Duchenne palsy,waiter's tip position,clinical_photo,4,HIGH,paediatrics/neonatal_conditions/birth_trauma/erb_palsy
651,Paediatrics,Paediatric Respiratory,Airway Conditions,Croup,croup X-ray steeple sign,laryngotracheobronchitis X-ray,croup neck X-ray child,subglottic narrowing croup,X-ray,5,HIGH,paediatrics/paediatric_respiratory/airway_conditions/croup
652,Paediatrics,Paediatric Respiratory,Airway Conditions,Epiglottitis,epiglottitis X-ray thumb sign,acute epiglottitis child,epiglottitis lateral neck X-ray,supraglottitis imaging,X-ray,5,HIGH,paediatrics/paediatric_respiratory/airway_conditions/epiglottitis
653,Paediatrics,Paediatric Respiratory,Airway Conditions,Foreign Body Airway,inhaled foreign body child X-ray,bronchial foreign body CT,aspirated peanut X-ray,paediatric airway foreign body,"X-ray, CT",5,HIGH,paediatrics/paediatric_respiratory/airway_conditions/foreign_body_airway
654,Paediatrics,Paediatric Respiratory,Pneumonia Child,Viral Pneumonia,viral pneumonia child X-ray,bronchiolitis chest X-ray,RSV pneumonia paediatric,paediatric viral pneumonia,X-ray,5,HIGH,paediatrics/paediatric_respiratory/pneumonia_child/viral_pneumonia
655,Paediatrics,Paediatric Respiratory,Pneumonia Child,Bacterial Pneumonia Child,bacterial pneumonia child X-ray,lobar pneumonia paediatric,paediatric bacterial pneumonia,consolidation child chest X-ray,X-ray,5,HIGH,paediatrics/paediatric_respiratory/pneumonia_child/bacterial_pneumonia_child
656,Paediatrics,Paediatric Respiratory,Pneumonia Child,Round Pneumonia,round pneumonia child,spherical pneumonia paediatric,round pneumonia X-ray,mass-like pneumonia child,"X-ray, CT",4,HIGH,paediatrics/paediatric_respiratory/pneumonia_child/round_pneumonia
657,Paediatrics,Paediatric Respiratory,Asthma Child,Paediatric Asthma,paediatric asthma chest X-ray,childhood asthma imaging,hyperinflation child asthma,asthma exacerbation child X-ray,X-ray,5,HIGH,paediatrics/paediatric_respiratory/asthma_child/paediatric_asthma
658,Paediatrics,Paediatric Respiratory,Cystic Fibrosis,Cf Chest,cystic fibrosis chest X-ray,CF bronchiectasis child,cystic fibrosis CT chest,paediatric CF imaging,"X-ray, CT",5,HIGH,paediatrics/paediatric_respiratory/cystic_fibrosis/cf_chest
659,Paediatrics,Paediatric Gastrointestinal,Acute Abdomen Child,Intussusception,intussusception ultrasound child,target sign intussusception,paediatric intussusception X-ray,ileocolic intussusception imaging,"ultrasound, X-ray",5,HIGH,paediatrics/paediatric_gastrointestinal/acute_abdomen_child/intussusception
660,Paediatrics,Paediatric Gastrointestinal,Acute Abdomen Child,Appendicitis Child,appendicitis child ultrasound,paediatric appendicitis CT,inflamed appendix child,childhood appendicitis imaging,"ultrasound, CT",5,HIGH,paediatrics/paediatric_gastrointestinal/acute_abdomen_child/appendicitis_child
661,Paediatrics,Paediatric Gastrointestinal,Acute Abdomen Child,Pyloric Stenosis,pyloric stenosis ultrasound,hypertrophic pyloric stenosis,pyloric stenosis infant,target sign pyloric stenosis,ultrasound,5,HIGH,paediatrics/paediatric_gastrointestinal/acute_abdomen_child/pyloric_stenosis
662,Paediatrics,Paediatric Gastrointestinal,Acute Abdomen Child,Malrotation Volvulus,malrotation volvulus child,midgut volvulus imaging,malrotation upper GI contrast,paediatric intestinal malrotation,"X-ray, contrast_study",4,HIGH,paediatrics/paediatric_gastrointestinal/acute_abdomen_child/malrotation_volvulus
663,Paediatrics,Paediatric Gastrointestinal,Acute Abdomen Child,Meckel Diverticulum,Meckel diverticulum scan,Meckel scan nuclear medicine,ectopic gastric mucosa imaging,paediatric Meckel imaging,"nuclear_medicine, CT",4,HIGH,paediatrics/paediatric_gastrointestinal/acute_abdomen_child/meckel_diverticulum
664,Paediatrics,Paediatric Gastrointestinal,Hernias Child,Inguinal Hernia Child,inguinal hernia child ultrasound,paediatric inguinal hernia,infant inguinal hernia photo,indirect hernia child,"ultrasound, clinical_photo",4,HIGH,paediatrics/paediatric_gastrointestinal/hernias_child/inguinal_hernia_child
665,Paediatrics,Paediatric Gastrointestinal,Hernias Child,Umbilical Hernia,umbilical hernia child photo,infant umbilical hernia,paediatric umbilical hernia,umbilical hernia ultrasound,"clinical_photo, ultrasound",4,HIGH,paediatrics/paediatric_gastrointestinal/hernias_child/umbilical_hernia
666,Paediatrics,Paediatric Neurology,Congenital Brain Abnormalities,Hydrocephalus,hydrocephalus child CT,paediatric hydrocephalus MRI,enlarged ventricles child,ventriculomegaly infant,"CT, MRI, ultrasound",5,HIGH,paediatrics/paediatric_neurology/congenital_brain_abnormalities/hydrocephalus
667,Paediatrics,Paediatric Neurology,Congenital Brain Abnormalities,Agenesis Corpus Callosum,agenesis corpus callosum MRI,absent corpus callosum child,ACC brain MRI,corpus callosum agenesis imaging,MRI,4,HIGH,paediatrics/paediatric_neurology/congenital_brain_abnormalities/agenesis_corpus_callosum
668,Paediatrics,Paediatric Neurology,Congenital Brain Abnormalities,Dandy Walker,Dandy-Walker malformation,Dandy-Walker MRI,posterior fossa cyst child,cerebellar vermis agenesis,"MRI, CT",3,HIGH,paediatrics/paediatric_neurology/congenital_brain_abnormalities/dandy_walker
669,Paediatrics,Paediatric Neurology,Congenital Brain Abnormalities,Chiari Malformation,Chiari malformation MRI,tonsillar herniation child,Chiari I malformation,cerebellar tonsil descent,MRI,4,HIGH,paediatrics/paediatric_neurology/congenital_brain_abnormalities/chiari_malformation
670,Paediatrics,Paediatric Neurology,Paediatric Brain Tumours,Medulloblastoma,medulloblastoma MRI child,posterior fossa tumour child,cerebellar medulloblastoma,paediatric medulloblastoma CT,"MRI, CT",5,HIGH,paediatrics/paediatric_neurology/paediatric_brain_tumours/medulloblastoma
671,Paediatrics,Paediatric Neurology,Paediatric Brain Tumours,Pilocytic Astrocytoma,pilocytic astrocytoma MRI,cerebellar astrocytoma child,juvenile pilocytic astrocytoma,paediatric JPA imaging,MRI,4,HIGH,paediatrics/paediatric_neurology/paediatric_brain_tumours/pilocytic_astrocytoma
672,Paediatrics,Paediatric Neurology,Paediatric Brain Tumours,Ependymoma,ependymoma MRI child,fourth ventricle ependymoma,paediatric ependymoma,ependymoma CT brain,"MRI, CT",4,HIGH,paediatrics/paediatric_neurology/paediatric_brain_tumours/ependymoma
673,Paediatrics,Paediatric Neurology,Paediatric Brain Tumours,Craniopharyngioma Child,craniopharyngioma child MRI,suprasellar craniopharyngioma,paediatric craniopharyngioma CT,calcified craniopharyngioma,"MRI, CT",4,HIGH,paediatrics/paediatric_neurology/paediatric_brain_tumours/craniopharyngioma_child
674,Paediatrics,Paediatric Neurology,Seizures Epilepsy,Febrile Seizure,febrile seizure imaging child,febrile convulsion MRI,paediatric febrile seizure,normal brain MRI febrile seizure,"MRI, CT",4,HIGH,paediatrics/paediatric_neurology/seizures_epilepsy/febrile_seizure
675,Paediatrics,Paediatric Neurology,Seizures Epilepsy,Paediatric Epilepsy,paediatric epilepsy MRI,childhood epilepsy imaging,epilepsy EEG child,hippocampal sclerosis child,"MRI, EEG",4,HIGH,paediatrics/paediatric_neurology/seizures_epilepsy/paediatric_epilepsy
676,Paediatrics,Paediatric Neurology,Head Trauma,Subdural Haematoma Child,subdural haematoma child CT,paediatric SDH imaging,non-accidental injury head,shaken baby syndrome CT,"CT, MRI",5,HIGH,paediatrics/paediatric_neurology/head_trauma/subdural_haematoma_child
677,Paediatrics,Paediatric Neurology,Head Trauma,Skull Fracture Child,skull fracture child CT,paediatric skull fracture X-ray,linear skull fracture child,depressed skull fracture paediatric,"CT, X-ray",5,HIGH,paediatrics/paediatric_neurology/head_trauma/skull_fracture_child
678,Paediatrics,Paediatric Orthopaedics,Developmental Hip,Ddh,developmental dysplasia hip ultrasound,DDH infant ultrasound,hip dysplasia child X-ray,paediatric DDH imaging,"ultrasound, X-ray",5,HIGH,paediatrics/paediatric_orthopaedics/developmental_hip/ddh
679,Paediatrics,Paediatric Orthopaedics,Bone Infections,Osteomyelitis Child,osteomyelitis child X-ray,paediatric osteomyelitis MRI,bone infection child imaging,acute osteomyelitis paediatric,"X-ray, MRI",5,HIGH,paediatrics/paediatric_orthopaedics/bone_infections/osteomyelitis_child
680,Paediatrics,Paediatric Orthopaedics,Bone Infections,Septic Arthritis Child,septic arthritis child ultrasound,paediatric septic joint,hip effusion child ultrasound,septic arthritis X-ray child,"ultrasound, X-ray",5,HIGH,paediatrics/paediatric_orthopaedics/bone_infections/septic_arthritis_child
681,Paediatrics,Paediatric Orthopaedics,Fractures Child,Greenstick Fracture,greenstick fracture child,incomplete fracture paediatric,greenstick fracture forearm,buckle fracture child,X-ray,5,HIGH,paediatrics/paediatric_orthopaedics/fractures_child/greenstick_fracture
682,Paediatrics,Paediatric Orthopaedics,Fractures Child,Supracondylar Fracture,supracondylar fracture child,elbow fracture paediatric,supracondylar humerus fracture,paediatric elbow trauma X-ray,X-ray,5,HIGH,paediatrics/paediatric_orthopaedics/fractures_child/supracondylar_fracture
683,Paediatrics,Paediatric Orthopaedics,Fractures Child,Salter Harris Fracture,Salter-Harris fracture X-ray,growth plate fracture child,paediatric physeal injury,Salter-Harris classification,X-ray,5,HIGH,paediatrics/paediatric_orthopaedics/fractures_child/salter_harris_fracture
684,Paediatrics,Paediatric Orthopaedics,Bone Disorders,Perthes Disease,Perthes disease X-ray,Legg-Calve-Perthes hip,avascular necrosis hip child,paediatric Perthes imaging,"X-ray, MRI",4,HIGH,paediatrics/paediatric_orthopaedics/bone_disorders/perthes_disease
685,Paediatrics,Paediatric Orthopaedics,Bone Disorders,Slipped Capital Femoral Epiphysis,SCFE X-ray,slipped capital femoral epiphysis,slipped upper femoral epiphysis,SUFE hip X-ray,X-ray,5,HIGH,paediatrics/paediatric_orthopaedics/bone_disorders/slipped_capital_femoral_epiphysis
686,Paediatrics,Paediatric Orthopaedics,Bone Disorders,Osgood Schlatter,Osgood-Schlatter disease X-ray,tibial tuberosity avulsion,Osgood-Schlatter knee,paediatric knee pain imaging,X-ray,4,HIGH,paediatrics/paediatric_orthopaedics/bone_disorders/osgood_schlatter
687,Paediatrics,Paediatric Infectious Diseases,Childhood Infections,Measles,measles rash clinical photo,measles koplik spots,morbilliform rash measles,paediatric measles photo,clinical_photo,4,HIGH,paediatrics/paediatric_infectious_diseases/childhood_infections/measles
688,Paediatrics,Paediatric Infectious Diseases,Childhood Infections,Chickenpox,chickenpox rash clinical photo,varicella vesicles child,varicella zoster rash,paediatric chickenpox photo,clinical_photo,5,HIGH,paediatrics/paediatric_infectious_diseases/childhood_infections/chickenpox
689,Paediatrics,Paediatric Infectious Diseases,Childhood Infections,Hand Foot Mouth,hand foot mouth disease photo,HFMD child rash,coxsackie virus rash,paediatric HFMD lesions,clinical_photo,5,HIGH,paediatrics/paediatric_infectious_diseases/childhood_infections/hand_foot_mouth
690,Paediatrics,Paediatric Infectious Diseases,Childhood Infections,Scarlet Fever,scarlet fever rash photo,sandpaper rash scarlatina,strawberry tongue scarlet fever,paediatric scarlet fever,clinical_photo,4,HIGH,paediatrics/paediatric_infectious_diseases/childhood_infections/scarlet_fever
691,Paediatrics,Paediatric Infectious Diseases,Childhood Infections,Kawasaki Disease,Kawasaki disease clinical photo,Kawasaki rash child,strawberry tongue Kawasaki,coronary aneurysm Kawasaki echo,"clinical_photo, echocardiography",5,HIGH,paediatrics/paediatric_infectious_diseases/childhood_infections/kawasaki_disease
692,Paediatrics,Paediatric Haematology Oncology,Childhood Cancers,Acute Lymphoblastic Leukaemia,ALL child blood film,acute lymphoblastic leukaemia microscopy,paediatric ALL bone marrow,lymphoblasts blood film child,microscopy,5,HIGH,paediatrics/paediatric_haematology_oncology/childhood_cancers/acute_lymphoblastic_leukaemia
693,Paediatrics,Paediatric Haematology Oncology,Childhood Cancers,Neuroblastoma,neuroblastoma CT abdomen child,adrenal neuroblastoma imaging,paediatric neuroblastoma MRI,neuroblastoma chest X-ray,"CT, MRI, X-ray",4,HIGH,paediatrics/paediatric_haematology_oncology/childhood_cancers/neuroblastoma
694,Paediatrics,Paediatric Haematology Oncology,Childhood Cancers,Wilms Tumour,Wilms tumour CT abdomen,nephroblastoma child imaging,paediatric kidney tumour,Wilms tumour ultrasound,"CT, ultrasound",4,HIGH,paediatrics/paediatric_haematology_oncology/childhood_cancers/wilms_tumour
695,Paediatrics,Paediatric Haematology Oncology,Childhood Cancers,Retinoblastoma,retinoblastoma fundoscopy,retinoblastoma CT orbit,paediatric eye tumour,leucocoria retinoblastoma,"fundoscopy, CT, MRI",4,HIGH,paediatrics/paediatric_haematology_oncology/childhood_cancers/retinoblastoma
696,Paediatrics,Paediatric Dermatology,Neonatal Rashes,Erythema Toxicum,erythema toxicum neonatorum,newborn rash ETN photo,benign neonatal rash,erythema toxicum clinical photo,clinical_photo,4,HIGH,paediatrics/paediatric_dermatology/neonatal_rashes/erythema_toxicum
697,Paediatrics,Paediatric Dermatology,Neonatal Rashes,Neonatal Acne,neonatal acne clinical photo,baby acne photo,neonatal pustulosis,infant acne face,clinical_photo,3,HIGH,paediatrics/paediatric_dermatology/neonatal_rashes/neonatal_acne
698,Paediatrics,Paediatric Dermatology,Neonatal Rashes,Mongolian Spot,Mongolian spot clinical photo,congenital dermal melanocytosis,blue-grey birthmark,sacral Mongolian spot,clinical_photo,4,HIGH,paediatrics/paediatric_dermatology/neonatal_rashes/mongolian_spot
699,Paediatrics,Paediatric Dermatology,Childhood Rashes,Eczema Child,atopic eczema child photo,paediatric atopic dermatitis,childhood eczema flexures,infant eczema face,clinical_photo,5,HIGH,paediatrics/paediatric_dermatology/childhood_rashes/eczema_child
700,Paediatrics,Paediatric Dermatology,Childhood Rashes,Nappy Rash,nappy rash clinical photo,diaper dermatitis,irritant nappy rash,candida nappy rash,clinical_photo,4,HIGH,paediatrics/paediatric_dermatology/childhood_rashes/nappy_rash
701,Paediatrics,Paediatric Dermatology,Childhood Rashes,Impetigo,impetigo child clinical photo,bullous impetigo,honey-crusted impetigo,paediatric impetigo face,clinical_photo,5,HIGH,paediatrics/paediatric_dermatology/childhood_rashes/impetigo
702,Paediatrics,Paediatric Genitourinary,Urinary Tract Conditions,Urinary Tract Infection Child,paediatric UTI imaging,child urinary infection ultrasound,pyelonephritis child CT,VCUG vesicoureteric reflux,"ultrasound, VCUG, CT",5,HIGH,paediatrics/paediatric_genitourinary/urinary_tract_conditions/urinary_tract_infection_child
703,Paediatrics,Paediatric Genitourinary,Urinary Tract Conditions,Vesicoureteric Reflux,vesicoureteric reflux VCUG,VUR grading imaging,paediatric VUR ultrasound,ureteric reflux child,"VCUG, ultrasound",4,HIGH,paediatrics/paediatric_genitourinary/urinary_tract_conditions/vesicoureteric_reflux
704,Paediatrics,Paediatric Genitourinary,Urinary Tract Conditions,Hydronephrosis Child,hydronephrosis child ultrasound,paediatric hydronephrosis,pelviureteric junction obstruction,PUJ obstruction child,ultrasound,4,HIGH,paediatrics/paediatric_genitourinary/urinary_tract_conditions/hydronephrosis_child
705,Paediatrics,Paediatric Genitourinary,Urinary Tract Conditions,Posterior Urethral Valves,posterior urethral valves imaging,PUV VCUG boy,urethral obstruction child,paediatric urethral valves,"VCUG, ultrasound",3,HIGH,paediatrics/paediatric_genitourinary/urinary_tract_conditions/posterior_urethral_valves
706,Paediatrics,Paediatric Genitourinary,Testicular Conditions,Testicular Torsion Child,testicular torsion child ultrasound,paediatric testicular torsion Doppler,absent testicular blood flow,acute scrotum child imaging,"ultrasound, Doppler",5,HIGH,paediatrics/paediatric_genitourinary/testicular_conditions/testicular_torsion_child
707,Paediatrics,Paediatric Genitourinary,Testicular Conditions,Undescended Testis,undescended testis ultrasound,cryptorchidism imaging child,inguinal testis ultrasound,paediatric undescended testis,ultrasound,4,HIGH,paediatrics/paediatric_genitourinary/testicular_conditions/undescended_testis
708,Paediatrics,Paediatric Genitourinary,Testicular Conditions,Hydrocele Child,hydrocele child ultrasound,paediatric hydrocele photo,scrotal swelling child,communicating hydrocele,"ultrasound, clinical_photo",4,HIGH,paediatrics/paediatric_genitourinary/testicular_conditions/hydrocele_child
709,Paediatrics,Paediatric Endocrine,Diabetes Child,Type1 Diabetes Child,type 1 diabetes child,paediatric diabetes management,DKA child imaging,childhood diabetes complications,clinical_photo,5,HIGH,paediatrics/paediatric_endocrine/diabetes_child/type1_diabetes_child
710,Paediatrics,Paediatric Endocrine,Growth Disorders,Rickets,rickets X-ray child,rachitic rosary photo,bowed legs rickets,metaphyseal cupping rickets,"X-ray, clinical_photo",4,HIGH,paediatrics/paediatric_endocrine/growth_disorders/rickets
711,Paediatrics,Paediatric Endocrine,Growth Disorders,Achondroplasia,achondroplasia X-ray,achondroplasia clinical photo,dwarfism skeletal dysplasia,paediatric achondroplasia,"X-ray, clinical_photo",3,HIGH,paediatrics/paediatric_endocrine/growth_disorders/achondroplasia
712,Psychiatry,Neuroimaging Psychiatry,Structural Brain Changes,Schizophrenia Brain,schizophrenia brain MRI,enlarged ventricles schizophrenia,cortical atrophy schizophrenia,structural brain changes psychosis,MRI,4,MEDIUM,psychiatry/neuroimaging_psychiatry/structural_brain_changes/schizophrenia_brain
713,Psychiatry,Neuroimaging Psychiatry,Structural Brain Changes,Alzheimer Disease,Alzheimer disease MRI brain,hippocampal atrophy Alzheimer,cortical atrophy dementia,Alzheimer PET scan,"MRI, PET",5,MEDIUM,psychiatry/neuroimaging_psychiatry/structural_brain_changes/alzheimer_disease
714,Psychiatry,Neuroimaging Psychiatry,Structural Brain Changes,Vascular Dementia,vascular dementia MRI,multi-infarct dementia CT,white matter changes dementia,lacunar infarcts dementia,"MRI, CT",5,MEDIUM,psychiatry/neuroimaging_psychiatry/structural_brain_changes/vascular_dementia
715,Psychiatry,Neuroimaging Psychiatry,Structural Brain Changes,Frontotemporal Dementia,frontotemporal dementia MRI,FTD frontal atrophy,Pick disease imaging,temporal lobe atrophy FTD,"MRI, PET",4,MEDIUM,psychiatry/neuroimaging_psychiatry/structural_brain_changes/frontotemporal_dementia
716,Psychiatry,Neuroimaging Psychiatry,Structural Brain Changes,Lewy Body Dementia,Lewy body dementia imaging,DLB PET scan,Lewy body dementia MRI,dopamine transporter scan DLB,"PET, MRI, SPECT",4,MEDIUM,psychiatry/neuroimaging_psychiatry/structural_brain_changes/lewy_body_dementia
717,Psychiatry,Neuroimaging Psychiatry,Structural Brain Changes,Huntington Disease,Huntington disease MRI brain,caudate atrophy Huntington,basal ganglia atrophy Huntington,Huntington chorea imaging,"MRI, CT",4,MEDIUM,psychiatry/neuroimaging_psychiatry/structural_brain_changes/huntington_disease
718,Psychiatry,Neuroimaging Psychiatry,Structural Brain Changes,Normal Pressure Hydrocephalus,normal pressure hydrocephalus MRI,NPH enlarged ventricles,communicating hydrocephalus adult,NPH brain imaging,"MRI, CT",4,MEDIUM,psychiatry/neuroimaging_psychiatry/structural_brain_changes/normal_pressure_hydrocephalus
719,Psychiatry,Neuroimaging Psychiatry,Structural Brain Changes,Multiple Sclerosis Psychiatric,multiple sclerosis psychiatric symptoms,MS brain lesions MRI,MS depression imaging,demyelination psychiatric changes,MRI,4,MEDIUM,psychiatry/neuroimaging_psychiatry/structural_brain_changes/multiple_sclerosis_psychiatric
720,Psychiatry,Neuroimaging Psychiatry,Structural Brain Changes,Parkinsons Dementia,Parkinson disease dementia MRI,Parkinson cognitive decline imaging,PD dementia brain,parkinsonian dementia PET,"MRI, PET",4,MEDIUM,psychiatry/neuroimaging_psychiatry/structural_brain_changes/parkinsons_dementia
721,Psychiatry,Neuroimaging Psychiatry,Structural Brain Changes,Progressive Supranuclear Palsy,progressive supranuclear palsy MRI,PSP hummingbird sign,PSP midbrain atrophy,supranuclear gaze palsy imaging,MRI,3,MEDIUM,psychiatry/neuroimaging_psychiatry/structural_brain_changes/progressive_supranuclear_palsy
722,Psychiatry,Neuroimaging Psychiatry,Substance Abuse Imaging,Alcohol Related Brain Damage,alcohol brain damage MRI,Wernicke encephalopathy MRI,Korsakoff syndrome imaging,cerebellar atrophy alcoholism,"MRI, CT",5,MEDIUM,psychiatry/neuroimaging_psychiatry/substance_abuse_imaging/alcohol_related_brain_damage
723,Psychiatry,Neuroimaging Psychiatry,Substance Abuse Imaging,Drug Induced Changes,methamphetamine brain damage,cocaine stroke MRI,drug-induced cerebral changes,substance abuse brain imaging,"MRI, CT",3,MEDIUM,psychiatry/neuroimaging_psychiatry/substance_abuse_imaging/drug_induced_changes
724,Psychiatry,Neuroimaging Psychiatry,Eating Disorders Complications,Anorexia Brain Changes,anorexia nervosa brain MRI,cerebral atrophy anorexia,starvation brain changes,anorexia neuroimaging,MRI,3,MEDIUM,psychiatry/neuroimaging_psychiatry/eating_disorders_complications/anorexia_brain_changes
725,Psychiatry,Neuroimaging Psychiatry,Eating Disorders Complications,Refeeding Syndrome,refeeding syndrome imaging,refeeding brain oedema,anorexia refeeding complications,refeeding cardiac imaging,"CT, MRI, X-ray",3,MEDIUM,psychiatry/neuroimaging_psychiatry/eating_disorders_complications/refeeding_syndrome
726,Psychiatry,Self Harm Injuries,Deliberate Self Harm,Cutting Scars,self-harm scars clinical photo,cutting wounds forearm,deliberate self-harm marks,non-suicidal self-injury scars,clinical_photo,4,MEDIUM,psychiatry/self_harm_injuries/deliberate_self_harm/cutting_scars
727,Psychiatry,Self Harm Injuries,Deliberate Self Harm,Overdose Complications,paracetamol overdose liver CT,drug overdose complications imaging,aspirin overdose chest X-ray,intentional poisoning imaging,"CT, X-ray",4,MEDIUM,psychiatry/self_harm_injuries/deliberate_self_harm/overdose_complications
728,Psychiatry,Self Harm Injuries,Suicide Attempts,Hanging Injuries,hanging injury neck CT,strangulation cervical spine,ligature marks neck photo,hanging cerebral hypoxia MRI,"CT, MRI, clinical_photo",4,MEDIUM,psychiatry/self_harm_injuries/suicide_attempts/hanging_injuries
729,Psychiatry,Self Harm Injuries,Suicide Attempts,Jumping Trauma,fall from height injuries CT,suicide jump fractures,calcaneal fracture fall,thoracolumbar fracture jump,"CT, X-ray",3,MEDIUM,psychiatry/self_harm_injuries/suicide_attempts/jumping_trauma
730,Psychiatry,Psychiatric Emergencies Imaging,Delirium Causes,Subdural Haematoma,subdural haematoma elderly CT,chronic SDH dementia,subdural haematoma confusion,SDH delirium elderly,"CT, MRI",5,MEDIUM,psychiatry/psychiatric_emergencies_imaging/delirium_causes/subdural_haematoma
731,Psychiatry,Psychiatric Emergencies Imaging,Delirium Causes,Encephalitis,herpes encephalitis MRI,viral encephalitis CT brain,temporal lobe encephalitis,encephalitis behavioural changes,"MRI, CT",5,MEDIUM,psychiatry/psychiatric_emergencies_imaging/delirium_causes/encephalitis
732,Psychiatry,Psychiatric Emergencies Imaging,Delirium Causes,Meningitis Psychiatric,meningitis CT brain,bacterial meningitis MRI,meningitis confusion imaging,meningeal enhancement psychiatric,"CT, MRI",5,MEDIUM,psychiatry/psychiatric_emergencies_imaging/delirium_causes/meningitis_psychiatric
733,Psychiatry,Psychiatric Emergencies Imaging,Delirium Causes,Brain Tumour Psychiatric,brain tumour psychiatric symptoms,frontal lobe tumour behaviour,meningioma personality change,brain tumour confusion MRI,"MRI, CT",4,MEDIUM,psychiatry/psychiatric_emergencies_imaging/delirium_causes/brain_tumour_psychiatric
734,Psychiatry,Psychiatric Emergencies Imaging,Delirium Causes,Hypoglycaemia Brain,hypoglycaemia brain MRI,hypoglycaemic brain injury,glucose deficiency brain damage,hypoglycaemia confusion imaging,"MRI, CT",4,MEDIUM,psychiatry/psychiatric_emergencies_imaging/delirium_causes/hypoglycaemia_brain
735,Psychiatry,Psychiatric Emergencies Imaging,Delirium Causes,Hepatic Encephalopathy,hepatic encephalopathy MRI brain,liver failure brain changes,basal ganglia hepatic encephalopathy,ammonia encephalopathy imaging,"MRI, CT",4,MEDIUM,psychiatry/psychiatric_emergencies_imaging/delirium_causes/hepatic_encephalopathy
736,Psychiatry,Psychiatric Emergencies Imaging,Delirium Causes,Stroke Psychiatric,stroke psychiatric symptoms,frontal lobe stroke behaviour,cerebral infarct confusion,stroke delirium CT MRI,"CT, MRI",5,MEDIUM,psychiatry/psychiatric_emergencies_imaging/delirium_causes/stroke_psychiatric
737,Psychiatry,Psychiatric Emergencies Imaging,Delirium Causes,Subarachnoid Haemorrhage,subarachnoid haemorrhage CT,SAH confusion imaging,aneurysmal SAH psychiatric,thunderclap headache CT,"CT, MRI",5,MEDIUM,psychiatry/psychiatric_emergencies_imaging/delirium_causes/subarachnoid_haemorrhage
738,Psychiatry,Psychiatric Emergencies Imaging,Delirium Causes,Hyponatraemia Brain,hyponatraemia brain MRI,central pontine myelinolysis,osmotic demyelination syndrome,hyponatraemia confusion imaging,MRI,4,MEDIUM,psychiatry/psychiatric_emergencies_imaging/delirium_causes/hyponatraemia_brain
739,Psychiatry,Psychiatric Emergencies Imaging,Delirium Causes,Thyroid Disorder Brain,thyroid encephalopathy,hypothyroid brain changes,myxoedema coma imaging,thyrotoxicosis psychosis,"MRI, CT",3,MEDIUM,psychiatry/psychiatric_emergencies_imaging/delirium_causes/thyroid_disorder_brain
740,Psychiatry,Psychiatric Emergencies Imaging,Catatonia Causes,Neuroleptic Malignant Syndrome,neuroleptic malignant syndrome imaging,NMS brain CT,antipsychotic complications imaging,NMS muscle breakdown,"CT, MRI",4,MEDIUM,psychiatry/psychiatric_emergencies_imaging/catatonia_causes/neuroleptic_malignant_syndrome
741,Psychiatry,Medication Side Effects,Movement Disorders,Tardive Dyskinesia,tardive dyskinesia clinical photo,tardive dyskinesia video,antipsychotic movement disorder,orofacial dyskinesia,"clinical_photo, video",4,MEDIUM,psychiatry/medication_side_effects/movement_disorders/tardive_dyskinesia
742,Psychiatry,Medication Side Effects,Movement Disorders,Parkinsonism Drug Induced,drug-induced parkinsonism,antipsychotic parkinsonism clinical,extrapyramidal side effects,medication-induced tremor,"clinical_photo, video",4,MEDIUM,psychiatry/medication_side_effects/movement_disorders/parkinsonism_drug_induced
743,Psychiatry,Medication Side Effects,Movement Disorders,Acute Dystonia,acute dystonia clinical photo,antipsychotic dystonia,oculogyric crisis photo,dystonic reaction imaging,clinical_photo,4,MEDIUM,psychiatry/medication_side_effects/movement_disorders/acute_dystonia
744,Psychiatry,Medication Side Effects,Metabolic Complications,Antipsychotic Metabolic Syndrome,antipsychotic weight gain photo,metabolic syndrome psychiatry,atypical antipsychotic complications,clozapine weight gain,clinical_photo,3,MEDIUM,psychiatry/medication_side_effects/metabolic_complications/antipsychotic_metabolic_syndrome
745,Psychiatry,Electroconvulsive Therapy,Ect Complications,Ect Related Imaging,ECT brain changes MRI,electroconvulsive therapy imaging,ECT memory changes brain,ECT hippocampal changes,MRI,2,MEDIUM,psychiatry/electroconvulsive_therapy/ect_complications/ect_related_imaging
746,Psychiatry,Sleep Disorders,Sleep Study Findings,Obstructive Sleep Apnoea,obstructive sleep apnoea polysomnography,OSA sleep study,sleep apnoea imaging,polysomnogram OSA,polysomnography,4,MEDIUM,psychiatry/sleep_disorders/sleep_study_findings/obstructive_sleep_apnoea
747,Psychiatry,Sleep Disorders,Sleep Study Findings,Narcolepsy,narcolepsy sleep study,MSLT narcolepsy,REM sleep onset narcolepsy,polysomnography narcolepsy,polysomnography,3,MEDIUM,psychiatry/sleep_disorders/sleep_study_findings/narcolepsy
748,Psychiatry,Autism Developmental Disorders,Autism Spectrum,Autism Brain Imaging,autism spectrum MRI brain,ASD neuroimaging,autism structural brain changes,autism fMRI patterns,"MRI, fMRI",3,MEDIUM,psychiatry/autism_developmental_disorders/autism_spectrum/autism_brain_imaging
749,Psychiatry,Autism Developmental Disorders,Intellectual Disability,Down Syndrome Brain,Down syndrome brain MRI,trisomy 21 brain imaging,Down syndrome facial features,Down syndrome clinical photo,"MRI, clinical_photo",4,MEDIUM,psychiatry/autism_developmental_disorders/intellectual_disability/down_syndrome_brain
750,Psychiatry,Autism Developmental Disorders,Intellectual Disability,Fragile X Syndrome,Fragile X syndrome clinical photo,Fragile X facial features,Fragile X brain MRI,Fragile X syndrome features,"clinical_photo, MRI",3,MEDIUM,psychiatry/autism_developmental_disorders/intellectual_disability/fragile_x_syndrome
751,Psychiatry,Autism Developmental Disorders,Intellectual Disability,Foetal Alcohol Syndrome,foetal alcohol syndrome facial features,FAS clinical photo,foetal alcohol spectrum disorder,FASD facial phenotype,clinical_photo,4,MEDIUM,psychiatry/autism_developmental_disorders/intellectual_disability/foetal_alcohol_syndrome
752,Psychiatry,Neuropsychiatric Syndromes,Prion Diseases,Creutzfeldt Jakob Disease,Creutzfeldt-Jakob disease MRI,CJD brain imaging,prion disease MRI brain,CJD cortical ribboning,"MRI, EEG",3,MEDIUM,psychiatry/neuropsychiatric_syndromes/prion_diseases/creutzfeldt_jakob_disease
753,Psychiatry,Neuropsychiatric Syndromes,Wilson Disease,Wilson Disease Brain,Wilson disease MRI brain,Kayser-Fleischer ring photo,Wilson disease basal ganglia,hepatolenticular degeneration,"MRI, clinical_photo",4,MEDIUM,psychiatry/neuropsychiatric_syndromes/wilson_disease/wilson_disease_brain
754,Psychiatry,Trauma Related Imaging,Ptsd Brain,Ptsd Structural Changes,PTSD brain MRI,post-traumatic stress hippocampus,PTSD amygdala changes,trauma brain imaging,"MRI, fMRI",3,MEDIUM,psychiatry/trauma_related_imaging/ptsd_brain/ptsd_structural_changes
755,Psychiatry,Trauma Related Imaging,Dissociative Disorders,Dissociative Amnesia Imaging,dissociative amnesia brain imaging,psychogenic amnesia MRI,functional memory loss imaging,dissociative disorder neuroimaging,"MRI, fMRI",2,MEDIUM,psychiatry/trauma_related_imaging/dissociative_disorders/dissociative_amnesia_imaging
756,Psychiatry,Trauma Related Imaging,Conversion Disorder,Functional Neurological Disorder,conversion disorder imaging,functional neurological disorder MRI,psychogenic paralysis imaging,FND brain scan,"MRI, CT",3,MEDIUM,psychiatry/trauma_related_imaging/conversion_disorder/functional_neurological_disorder
757,Emergency Medicine,Trauma,Head Trauma,Skull Fracture,skull fracture CT,linear skull fracture,depressed skull fracture,skull fracture X-ray,"CT, X-ray",5,HIGH,emergency_medicine/trauma/head_trauma/skull_fracture
758,Emergency Medicine,Trauma,Head Trauma,Extradural Haematoma,extradural haematoma CT,epidural haematoma brain,EDH lentiform,acute extradural haemorrhage,CT,5,HIGH,emergency_medicine/trauma/head_trauma/extradural_haematoma
759,Emergency Medicine,Trauma,Head Trauma,Subdural Haematoma,subdural haematoma CT,acute SDH brain,chronic subdural haematoma,crescent subdural,"CT, MRI",5,HIGH,emergency_medicine/trauma/head_trauma/subdural_haematoma
760,Emergency Medicine,Trauma,Head Trauma,Subarachnoid Haemorrhage,subarachnoid haemorrhage CT,SAH brain imaging,aneurysmal SAH,traumatic SAH,"CT, CTA",5,HIGH,emergency_medicine/trauma/head_trauma/subarachnoid_haemorrhage
761,Emergency Medicine,Trauma,Head Trauma,Intracerebral Haemorrhage,intracerebral haemorrhage CT,ICH brain,intraparenchymal haemorrhage,traumatic brain haemorrhage,"CT, MRI",5,HIGH,emergency_medicine/trauma/head_trauma/intracerebral_haemorrhage
762,Emergency Medicine,Trauma,Head Trauma,Diffuse Axonal Injury,diffuse axonal injury MRI,DAI brain trauma,shearing injury brain,traumatic axonal injury,"MRI, CT",4,HIGH,emergency_medicine/trauma/head_trauma/diffuse_axonal_injury
763,Emergency Medicine,Trauma,Spinal Trauma,Cervical Spine Fracture,cervical spine fracture CT,C-spine fracture X-ray,neck fracture imaging,cervical vertebral fracture,"CT, X-ray",5,HIGH,emergency_medicine/trauma/spinal_trauma/cervical_spine_fracture
764,Emergency Medicine,Trauma,Spinal Trauma,Spinal Cord Injury,spinal cord injury MRI,cord contusion imaging,spinal cord haemorrhage,traumatic myelopathy,"MRI, CT",5,HIGH,emergency_medicine/trauma/spinal_trauma/spinal_cord_injury
765,Emergency Medicine,Trauma,Spinal Trauma,Thoracolumbar Fracture,thoracolumbar fracture CT,burst fracture spine,compression fracture thoracic,T-L spine fracture,"CT, X-ray",5,HIGH,emergency_medicine/trauma/spinal_trauma/thoracolumbar_fracture
766,Emergency Medicine,Trauma,Chest Trauma,Pneumothorax,pneumothorax chest X-ray,tension pneumothorax CT,traumatic pneumothorax,PTX imaging emergency,"X-ray, CT",5,HIGH,emergency_medicine/trauma/chest_trauma/pneumothorax
767,Emergency Medicine,Trauma,Chest Trauma,Haemothorax,haemothorax chest X-ray,traumatic haemothorax CT,blood pleural space,haemothorax imaging,"X-ray, CT",5,HIGH,emergency_medicine/trauma/chest_trauma/haemothorax
768,Emergency Medicine,Trauma,Chest Trauma,Rib Fractures,rib fractures chest X-ray,multiple rib fractures CT,flail chest imaging,traumatic rib fracture,"X-ray, CT",5,HIGH,emergency_medicine/trauma/chest_trauma/rib_fractures
769,Emergency Medicine,Trauma,Chest Trauma,Pulmonary Contusion,pulmonary contusion CT,lung contusion chest trauma,traumatic lung injury,pulmonary contusion X-ray,"CT, X-ray",4,HIGH,emergency_medicine/trauma/chest_trauma/pulmonary_contusion
770,Emergency Medicine,Trauma,Chest Trauma,Aortic Injury,traumatic aortic injury CT,aortic dissection trauma,aortic rupture imaging,blunt aortic injury,"CT, CTA",5,HIGH,emergency_medicine/trauma/chest_trauma/aortic_injury
771,Emergency Medicine,Trauma,Chest Trauma,Cardiac Contusion,cardiac contusion imaging,myocardial contusion CT,blunt cardiac injury,heart trauma echocardiography,"CT, echocardiography",4,HIGH,emergency_medicine/trauma/chest_trauma/cardiac_contusion
772,Emergency Medicine,Trauma,Abdominal Trauma,Splenic Injury,splenic injury CT abdomen,ruptured spleen trauma,splenic laceration imaging,spleen trauma grading,CT,5,HIGH,emergency_medicine/trauma/abdominal_trauma/splenic_injury
773,Emergency Medicine,Trauma,Abdominal Trauma,Liver Injury,liver injury CT abdomen,hepatic laceration trauma,liver trauma imaging,blunt liver injury,CT,5,HIGH,emergency_medicine/trauma/abdominal_trauma/liver_injury
774,Emergency Medicine,Trauma,Abdominal Trauma,Renal Injury,renal injury CT abdomen,kidney trauma imaging,renal laceration CT,traumatic kidney injury,CT,4,HIGH,emergency_medicine/trauma/abdominal_trauma/renal_injury
775,Emergency Medicine,Trauma,Abdominal Trauma,Bowel Injury,bowel injury CT abdomen,intestinal perforation trauma,mesenteric injury CT,traumatic bowel perforation,CT,5,HIGH,emergency_medicine/trauma/abdominal_trauma/bowel_injury
776,Emergency Medicine,Trauma,Abdominal Trauma,Pancreatic Injury,pancreatic injury CT,pancreatic trauma imaging,traumatic pancreatitis,pancreatic laceration,CT,4,HIGH,emergency_medicine/trauma/abdominal_trauma/pancreatic_injury
777,Emergency Medicine,Trauma,Abdominal Trauma,Free Fluid Abdomen,free fluid abdomen CT trauma,haemoperitoneum CT,intraperitoneal blood,FAST scan trauma,"CT, ultrasound",5,HIGH,emergency_medicine/trauma/abdominal_trauma/free_fluid_abdomen
778,Emergency Medicine,Trauma,Pelvic Trauma,Pelvic Fracture,pelvic fracture CT,pelvic ring fracture X-ray,acetabular fracture,traumatic pelvic fracture,"CT, X-ray",5,HIGH,emergency_medicine/trauma/pelvic_trauma/pelvic_fracture
779,Emergency Medicine,Trauma,Pelvic Trauma,Bladder Injury,bladder injury CT cystogram,bladder rupture imaging,traumatic bladder perforation,extraperitoneal bladder rupture,"CT, cystogram",4,HIGH,emergency_medicine/trauma/pelvic_trauma/bladder_injury
780,Emergency Medicine,Trauma,Pelvic Trauma,Urethral Injury,urethral injury urethrogram,pelvic fracture urethral tear,traumatic urethral disruption,urethral rupture imaging,"urethrogram, CT",4,HIGH,emergency_medicine/trauma/pelvic_trauma/urethral_injury
781,Emergency Medicine,Trauma,Limb Trauma,Long Bone Fracture,femur fracture X-ray,tibial fracture imaging,long bone fracture,comminuted fracture,"X-ray, CT",5,HIGH,emergency_medicine/trauma/limb_trauma/long_bone_fracture
782,Emergency Medicine,Trauma,Limb Trauma,Open Fracture,open fracture X-ray,compound fracture imaging,open tibial fracture,Gustilo classification fracture,"X-ray, clinical_photo",5,HIGH,emergency_medicine/trauma/limb_trauma/open_fracture
783,Emergency Medicine,Trauma,Limb Trauma,Compartment Syndrome,compartment syndrome clinical photo,compartment syndrome MRI,acute compartment syndrome leg,compartment pressure imaging,"clinical_photo, MRI",5,HIGH,emergency_medicine/trauma/limb_trauma/compartment_syndrome
784,Emergency Medicine,Trauma,Limb Trauma,Vascular Injury,vascular injury CT angiography,arterial injury trauma,limb ischaemia trauma,traumatic vascular disruption,"CTA, angiography",4,HIGH,emergency_medicine/trauma/limb_trauma/vascular_injury
785,Emergency Medicine,Trauma,Limb Trauma,Dislocation,shoulder dislocation X-ray,hip dislocation imaging,elbow dislocation X-ray,joint dislocation emergency,X-ray,5,HIGH,emergency_medicine/trauma/limb_trauma/dislocation
786,Emergency Medicine,Trauma,Limb Trauma,Tendon Rupture,Achilles tendon rupture ultrasound,quadriceps tendon rupture MRI,tendon rupture imaging,complete tendon tear,"ultrasound, MRI",4,HIGH,emergency_medicine/trauma/limb_trauma/tendon_rupture
787,Emergency Medicine,Trauma,Facial Trauma,Orbital Fracture,orbital floor fracture CT,blow-out fracture orbit,orbital fracture imaging,facial fracture CT,CT,5,HIGH,emergency_medicine/trauma/facial_trauma/orbital_fracture
788,Emergency Medicine,Trauma,Facial Trauma,Maxillofacial Fracture,maxillofacial fracture CT,Le Fort fracture imaging,zygomatic fracture CT,mandible fracture X-ray,"CT, X-ray",4,HIGH,emergency_medicine/trauma/facial_trauma/maxillofacial_fracture
789,Emergency Medicine,Acute Abdomen,Perforation,Pneumoperitoneum,pneumoperitoneum X-ray,free air under diaphragm,perforated viscus CT,pneumoperitoneum CT abdomen,"X-ray, CT",5,HIGH,emergency_medicine/acute_abdomen/perforation/pneumoperitoneum
790,Emergency Medicine,Acute Abdomen,Bowel Obstruction,Small Bowel Obstruction,small bowel obstruction X-ray,SBO CT abdomen,dilated small bowel loops,intestinal obstruction imaging,"X-ray, CT",5,HIGH,emergency_medicine/acute_abdomen/bowel_obstruction/small_bowel_obstruction
791,Emergency Medicine,Acute Abdomen,Bowel Obstruction,Large Bowel Obstruction,large bowel obstruction X-ray,LBO CT abdomen,colonic obstruction imaging,sigmoid volvulus X-ray,"X-ray, CT",5,HIGH,emergency_medicine/acute_abdomen/bowel_obstruction/large_bowel_obstruction
792,Emergency Medicine,Acute Abdomen,Bowel Obstruction,Volvulus,sigmoid volvulus X-ray,caecal volvulus CT,coffee bean sign volvulus,twisted bowel imaging,"X-ray, CT",5,HIGH,emergency_medicine/acute_abdomen/bowel_obstruction/volvulus
793,Emergency Medicine,Acute Abdomen,Ischaemia,Mesenteric Ischaemia,mesenteric ischaemia CT,bowel ischaemia imaging,acute mesenteric ischaemia,intestinal infarction CT,"CT, CTA",5,HIGH,emergency_medicine/acute_abdomen/ischaemia/mesenteric_ischaemia
794,Emergency Medicine,Cardiovascular Emergencies,Acute Coronary Syndrome,Stemi,STEMI ECG,ST elevation myocardial infarction,acute MI ECG,anterior STEMI,"ECG, X-ray",5,HIGH,emergency_medicine/cardiovascular_emergencies/acute_coronary_syndrome/stemi
795,Emergency Medicine,Cardiovascular Emergencies,Acute Coronary Syndrome,Nstemi,NSTEMI ECG,non-ST elevation MI,NSTEMI troponin imaging,acute coronary syndrome ECG,ECG,5,HIGH,emergency_medicine/cardiovascular_emergencies/acute_coronary_syndrome/nstemi
796,Emergency Medicine,Cardiovascular Emergencies,Arrhythmias,Ventricular Fibrillation,ventricular fibrillation ECG,VF cardiac arrest,V-fib ECG,cardiac arrest rhythm,ECG,5,HIGH,emergency_medicine/cardiovascular_emergencies/arrhythmias/ventricular_fibrillation
797,Emergency Medicine,Cardiovascular Emergencies,Arrhythmias,Ventricular Tachycardia,ventricular tachycardia ECG,VT ECG emergency,broad complex tachycardia,pulseless VT,ECG,5,HIGH,emergency_medicine/cardiovascular_emergencies/arrhythmias/ventricular_tachycardia
798,Emergency Medicine,Cardiovascular Emergencies,Arrhythmias,Svt,SVT ECG emergency,supraventricular tachycardia,narrow complex tachycardia,AVNRT ECG,ECG,5,HIGH,emergency_medicine/cardiovascular_emergencies/arrhythmias/svt
799,Emergency Medicine,Cardiovascular Emergencies,Arrhythmias,Atrial Fibrillation Fast,atrial fibrillation rapid ventricular response,AF with RVR ECG,fast AF emergency,AF ECG irregular,ECG,5,HIGH,emergency_medicine/cardiovascular_emergencies/arrhythmias/atrial_fibrillation_fast
800,Emergency Medicine,Cardiovascular Emergencies,Arrhythmias,Complete Heart Block,complete heart block ECG,third degree AV block,CHB ECG emergency,complete AV dissociation,ECG,5,HIGH,emergency_medicine/cardiovascular_emergencies/arrhythmias/complete_heart_block
801,Emergency Medicine,Cardiovascular Emergencies,Aortic Emergencies,Aortic Dissection,aortic dissection CT,type A dissection imaging,Stanford dissection CTA,acute aortic dissection,"CT, CTA",5,HIGH,emergency_medicine/cardiovascular_emergencies/aortic_emergencies/aortic_dissection
802,Emergency Medicine,Cardiovascular Emergencies,Aortic Emergencies,Ruptured Aaa,ruptured AAA CT,abdominal aortic aneurysm rupture,leaking AAA imaging,ruptured aneurysm abdomen,"CT, ultrasound",5,HIGH,emergency_medicine/cardiovascular_emergencies/aortic_emergencies/ruptured_aaa
803,Emergency Medicine,Cardiovascular Emergencies,Pulmonary Embolism,Massive Pe,massive pulmonary embolism CT,saddle PE imaging,acute PE CTPA,bilateral PE,"CT, CTPA",5,HIGH,emergency_medicine/cardiovascular_emergencies/pulmonary_embolism/massive_pe
804,Emergency Medicine,Respiratory Emergencies,Respiratory Failure,Ards,ARDS chest X-ray,acute respiratory distress syndrome,bilateral infiltrates ARDS,ARDS CT chest,"X-ray, CT",5,HIGH,emergency_medicine/respiratory_emergencies/respiratory_failure/ards
805,Emergency Medicine,Respiratory Emergencies,Respiratory Failure,Severe Asthma,severe asthma chest X-ray,status asthmaticus imaging,hyperinflation asthma X-ray,life-threatening asthma,X-ray,5,HIGH,emergency_medicine/respiratory_emergencies/respiratory_failure/severe_asthma
806,Emergency Medicine,Respiratory Emergencies,Respiratory Failure,Acute Copd Exacerbation,acute COPD exacerbation X-ray,COPD exacerbation chest imaging,AECOPD chest X-ray,severe COPD emergency,X-ray,5,HIGH,emergency_medicine/respiratory_emergencies/respiratory_failure/acute_copd_exacerbation
807,Emergency Medicine,Respiratory Emergencies,Airway Emergencies,Anaphylaxis,anaphylaxis angioedema photo,facial swelling anaphylaxis,anaphylaxis clinical photo,urticaria anaphylaxis,clinical_photo,5,HIGH,emergency_medicine/respiratory_emergencies/airway_emergencies/anaphylaxis
808,Emergency Medicine,Respiratory Emergencies,Airway Emergencies,Angioedema,angioedema face photo,ACE inhibitor angioedema,lip swelling angioedema,airway angioedema imaging,"clinical_photo, CT",5,HIGH,emergency_medicine/respiratory_emergencies/airway_emergencies/angioedema
809,Emergency Medicine,Neurological Emergencies,Stroke,Ischaemic Stroke,ischaemic stroke CT brain,acute stroke MRI,cerebral infarction imaging,MCA stroke CT,"CT, MRI",5,HIGH,emergency_medicine/neurological_emergencies/stroke/ischaemic_stroke
810,Emergency Medicine,Neurological Emergencies,Stroke,Haemorrhagic Stroke,haemorrhagic stroke CT,intracerebral haemorrhage emergency,brain haemorrhage imaging,acute ICH CT,"CT, MRI",5,HIGH,emergency_medicine/neurological_emergencies/stroke/haemorrhagic_stroke
811,Emergency Medicine,Neurological Emergencies,Seizures,Status Epilepticus,status epilepticus EEG,continuous seizure EEG,refractory status epilepticus,status epilepticus brain imaging,"EEG, CT, MRI",5,HIGH,emergency_medicine/neurological_emergencies/seizures/status_epilepticus
812,Emergency Medicine,Neurological Emergencies,Raised Icp,Cerebral Oedema,cerebral oedema CT,brain swelling imaging,raised ICP CT brain,mass effect brain,"CT, MRI",5,HIGH,emergency_medicine/neurological_emergencies/raised_icp/cerebral_oedema
813,Emergency Medicine,Neurological Emergencies,Raised Icp,Brain Herniation,brain herniation CT,uncal herniation imaging,tonsillar herniation MRI,cerebral herniation emergency,"CT, MRI",5,HIGH,emergency_medicine/neurological_emergencies/raised_icp/brain_herniation
814,Emergency Medicine,Toxicology,Overdose Complications,Aspirin Overdose,aspirin overdose chest X-ray,salicylate poisoning imaging,pulmonary oedema aspirin,aspirin toxicity X-ray,X-ray,4,HIGH,emergency_medicine/toxicology/overdose_complications/aspirin_overdose
815,Emergency Medicine,Toxicology,Overdose Complications,Paracetamol Toxicity,paracetamol hepatotoxicity CT,paracetamol liver failure,paracetamol overdose imaging,fulminant hepatic failure,"CT, ultrasound",5,HIGH,emergency_medicine/toxicology/overdose_complications/paracetamol_toxicity
816,Emergency Medicine,Toxicology,Overdose Complications,Tricyclic Overdose,tricyclic overdose ECG,TCA toxicity ECG,widened QRS overdose,tricyclic antidepressant poisoning,ECG,4,HIGH,emergency_medicine/toxicology/overdose_complications/tricyclic_overdose
817,Emergency Medicine,Toxicology,Overdose Complications,Digoxin Toxicity,digoxin toxicity ECG,digitalis toxicity arrhythmia,digoxin overdose ECG,digoxin-induced arrhythmia,ECG,4,HIGH,emergency_medicine/toxicology/overdose_complications/digoxin_toxicity
818,Emergency Medicine,Environmental Emergencies,Burns,Thermal Burns,thermal burns clinical photo,second degree burn,third degree burn photo,burn injury assessment,clinical_photo,5,HIGH,emergency_medicine/environmental_emergencies/burns/thermal_burns
819,Emergency Medicine,Environmental Emergencies,Burns,Chemical Burns,chemical burns clinical photo,acid burn injury,alkali burn photo,chemical injury skin,clinical_photo,4,HIGH,emergency_medicine/environmental_emergencies/burns/chemical_burns
820,Emergency Medicine,Environmental Emergencies,Burns,Electrical Burns,electrical burns photo,lightning strike injury,electrical injury imaging,high voltage burns,"clinical_photo, X-ray",4,HIGH,emergency_medicine/environmental_emergencies/burns/electrical_burns
821,Emergency Medicine,Environmental Emergencies,Drowning,Near Drowning,near drowning chest X-ray,aspiration drowning imaging,pulmonary oedema drowning,drowning lung injury,"X-ray, CT",4,HIGH,emergency_medicine/environmental_emergencies/drowning/near_drowning
822,Emergency Medicine,Infectious Emergencies,Sepsis,Septic Shock,septic shock chest X-ray,sepsis imaging emergency,source control sepsis CT,septic shock abdomen imaging,"X-ray, CT",5,HIGH,emergency_medicine/infectious_emergencies/sepsis/septic_shock
823,Emergency Medicine,Infectious Emergencies,Soft Tissue Infections,Necrotizing Fasciitis,necrotizing fasciitis CT,necrotising soft tissue infection,gas gangrene imaging,necrotising fasciitis X-ray,"CT, X-ray, clinical_photo",5,HIGH,emergency_medicine/infectious_emergencies/soft_tissue_infections/necrotizing_fasciitis
824,Emergency Medicine,Infectious Emergencies,Soft Tissue Infections,Fournier Gangrene,Fournier gangrene CT,perineal necrotizing infection,scrotal gangrene imaging,Fournier gangrene emergency,"CT, clinical_photo",4,HIGH,emergency_medicine/infectious_emergencies/soft_tissue_infections/fournier_gangrene
825,Emergency Medicine,Metabolic Emergencies,Electrolyte Disturbances,Hyperkalaemia,hyperkalaemia ECG,peaked T waves ECG,high potassium ECG,hyperkalaemia emergency,ECG,5,HIGH,emergency_medicine/metabolic_emergencies/electrolyte_disturbances/hyperkalaemia
826,Emergency Medicine,Metabolic Emergencies,Electrolyte Disturbances,Hypokalaemia,hypokalaemia ECG,U waves ECG,low potassium ECG,hypokalaemia emergency,ECG,4,HIGH,emergency_medicine/metabolic_emergencies/electrolyte_disturbances/hypokalaemia
827,Emergency Medicine,Metabolic Emergencies,Electrolyte Disturbances,Hypercalcaemia,hypercalcaemia ECG,shortened QT hypercalcaemia,high calcium ECG,hypercalcaemia emergency,"ECG, X-ray",4,HIGH,emergency_medicine/metabolic_emergencies/electrolyte_disturbances/hypercalcaemia
828,Emergency Medicine,Metabolic Emergencies,Diabetic Emergencies,Dka,DKA chest X-ray,diabetic ketoacidosis imaging,cerebral oedema DKA,DKA complications imaging,"X-ray, CT",5,HIGH,emergency_medicine/metabolic_emergencies/diabetic_emergencies/dka
829,Emergency Medicine,Metabolic Emergencies,Diabetic Emergencies,Hyperosmolar State,HHS imaging,hyperosmolar hyperglycaemic state,HONK complications imaging,hyperosmolar coma CT,CT,4,HIGH,emergency_medicine/metabolic_emergencies/diabetic_emergencies/hyperosmolar_state
830,Emergency Medicine,Metabolic Emergencies,Diabetic Emergencies,Severe Hypoglycaemia,severe hypoglycaemia brain MRI,hypoglycaemic seizure imaging,low glucose brain injury,hypoglycaemia emergency imaging,"MRI, CT",5,HIGH,emergency_medicine/metabolic_emergencies/diabetic_emergencies/severe_hypoglycaemia
831,Emergency Medicine,Obstetric Emergencies,Pregnancy Emergencies,Ectopic Pregnancy Ruptured,ruptured ectopic pregnancy ultrasound,ectopic pregnancy free fluid,haemoperitoneum ectopic pregnancy,emergency ectopic ultrasound,"ultrasound, CT",5,HIGH,emergency_medicine/obstetric_emergencies/pregnancy_emergencies/ectopic_pregnancy_ruptured
